isDGA,domain,host,subclass
legit,goodmanga,goodmanga.net,legit
dga,ytnnyftbuitp,ytnnyftbuitp.ru,cryptolocker
legit,pknic,pknic.net.pk,alexa
dga,tlyqwacqbwflwwg,tlyqwacqbwflwwg.ru,cryptolocker
legit,webhostingpad,webhostingpad.com,alexa
legit,7l7l,7l7l.com,alexa
dga,gmqsjsrcpmncoysj,gmqsjsrcpmncoysj.mu,necurs
legit,keepbusy,keepbusy.net,legit
dga,ebuuskhaqxrsb,ebuuskhaqxrsb.ru,cryptolocker
legit,icinema3satu,icinema3satu.com,alexa
dga,iodjdjsmohwniap,iodjdjsmohwniap.ru,cryptolocker
legit,sicoobnet,sicoobnet.com.br,alexa
legit,dslreports,dslreports.com,alexa
dga,ygdvoqqlohdyw,ygdvoqqlohdyw.ru,cryptolocker
dga,19lxmfc165s7b1sqxre81kts75b,19lxmfc165s7b1sqxre81kts75b.biz,gameoverdga
dga,smadcicucqus,smadcicucqus.ru,cryptolocker
dga,abiwlspyisfb,abiwlspyisfb.ru,cryptolocker
dga,csstbhhryijdoon,csstbhhryijdoon.ru,cryptolocker
legit,lol-game,lol-game.ru,legit
legit,youpic,youpic.com,alexa
dga,wifehers,wifehers.net,nivdort
legit,aipsurveys,aipsurveys.com,alexa
legit,ispyprice,ispyprice.com,alexa
legit,unternehmensregister,unternehmensregister.de,alexa
legit,unicamp,unicamp.br,alexa
dga,3a6097ec3798dbfdd6a730633e023ed6,3a6097ec3798dbfdd6a730633e023ed6.org,bamital
legit,canpages,canpages.ca,alexa
dga,ucitpfanodhqpyi,ucitpfanodhqpyi.ru,cryptolocker
dga,nfhqcirguozlypayqctheanb,nfhqcirguozlypayqctheanb.ru,goz
dga,vxeiuqihryksw,vxeiuqihryksw.ru,cryptolocker
dga,vrmbxuypydreyen,vrmbxuypydreyen.co.uk,cryptolocker
dga,uvetaruikqqwbfv,uvetaruikqqwbfv.biz,cryptolocker
dga,wejegefixjgoi,wejegefixjgoi.ru,cryptolocker
dga,yicjbbnavfqp,yicjbbnavfqp.ru,cryptolocker
legit,membrana,membrana.ru,legit
dga,deadfool,deadfool.net,nivdort
legit,mozillazine,mozillazine.org,alexa
legit,cnw,cnw.com.cn,alexa
legit,centerparcs,centerparcs.com,alexa
dga,lpjirscympsk,lpjirscympsk.ru,cryptolocker
dga,yjppbdinmkejy,yjppbdinmkejy.net,cryptolocker
legit,bootyliciousmag,bootyliciousmag.com,legit
dga,uwqwruhaeytawy,uwqwruhaeytawy.ru,cryptolocker
dga,cuxramxguoxcyhypaoryzxs,cuxramxguoxcyhypaoryzxs.ru,goz
legit,fashionnstyle,fashionnstyle.com,alexa
dga,deadwash,deadwash.net,nivdort
dga,fihqxcssrfejewd,fihqxcssrfejewd.ru,cryptolocker
dga,12khiyn1kro5u21cjmbio1j4y7it,12khiyn1kro5u21cjmbio1j4y7it.org,newgoz
dga,aqegalmrechh,aqegalmrechh.ru,cryptolocker
legit,detoxinista,detoxinista.com,alexa
legit,telepass,telepass.it,alexa
dga,tjajuiedwiig,tjajuiedwiig.ru,cryptolocker
legit,asullc,asullc.com,alexa
dga,16o337r71uarlc3wx4q1fju6ri,16o337r71uarlc3wx4q1fju6ri.com,gameoverdga
dga,lbatvkiacbefl,lbatvkiacbefl.ru,cryptolocker
legit,chudo-povar,chudo-povar.com,legit
legit,dailyworth,dailyworth.com,alexa
legit,godmode,godmode-trader.de,alexa
legit,guru3d,guru3d.com,alexa
dga,nghrfnxpcqgafw,nghrfnxpcqgafw.info,cryptolocker
legit,eir-parts,eir-parts.net,legit
dga,ypqsdmlwqqvfkbgaercf,ypqsdmlwqqvfkbgaercf.ru,necurs
legit,printsasia,printsasia.in,legit
legit,80vs,80vs.com,alexa
legit,naydidom,naydidom.com,alexa
legit,voyeurweb,voyeurweb.com,alexa
dga,aascvmfgkdavei,aascvmfgkdavei.ru,cryptolocker
legit,centris,centris.ca,alexa
dga,1yrh1ko15uigghm2utenfwa74s,1yrh1ko15uigghm2utenfwa74s.org,newgoz
legit,els,els-cdn.com,alexa
legit,redditstatic,redditstatic.com,legit
dga,ffzn9r1ok3b23llh8jg14v4st4,ffzn9r1ok3b23llh8jg14v4st4.biz,gameoverdga
legit,tabletka,tabletka.by,legit
legit,sexemateur,sexemateur.com,legit
dga,duhkrgknsukas,duhkrgknsukas.info,cryptolocker
dga,oqt3wvh5vxnd1s7xrj0108e7ww,oqt3wvh5vxnd1s7xrj0108e7ww.biz,newgoz
legit,prgazeta,prgazeta.ru,alexa
dga,gqqxcixkxkxgxjvvcpcohirdu,gqqxcixkxkxgxjvvcpcohirdu.ru,goz
dga,ztxllbhmyqwbmztlfnbtvscas,ztxllbhmyqwbmztlfnbtvscas.ru,goz
legit,drogisterij,drogisterij.nl,legit
dga,1ygrmc02uqenp110tujy1cv3e2x,1ygrmc02uqenp110tujy1cv3e2x.net,gameoverdga
dga,cucepzferckvorlxlmzbqeu,cucepzferckvorlxlmzbqeu.ru,goz
legit,chetanasforum,chetanasforum.com,alexa
legit,utexas,utexas.edu,alexa
legit,newair,newair.com,alexa
legit,bagborroworsteal,bagborroworsteal.com,legit
legit,lnksdata,lnksdata.com,alexa
dga,2fijd1n7yu0x1gre9p5f9t23,2fijd1n7yu0x1gre9p5f9t23.net,gameoverdga
dga,wfatmsupalscdb,wfatmsupalscdb.ru,cryptolocker
legit,seopult,seopult.ru,alexa
legit,lanceactivo,lanceactivo.com.br,alexa
legit,perfectasianteens,perfectasianteens.com,legit
dga,xkddhgdeijvxu,xkddhgdeijvxu.ru,cryptolocker
dga,musicseven,musicseven.net,nivdort
legit,microsoft,microsoft.com,alexa
legit,sciencekids,sciencekids.co.nz,alexa
dga,xbnmpyjwyqwqrcn,xbnmpyjwyqwqrcn.ru,cryptolocker
legit,atom,atom.io,alexa
legit,citystar,citystar.com,alexa
legit,onlinesbp,onlinesbp.com,alexa
dga,hdyhro5uphjy1cgu74oul47d,hdyhro5uphjy1cgu74oul47d.biz,newgoz
dga,cbraqrurkhpjsm,cbraqrurkhpjsm.ru,cryptolocker
dga,xrjakij,xrjakij.bz,necurs
legit,freemoneysystem,freemoneysystem.co,alexa
dga,lyfsvkwwvuot,lyfsvkwwvuot.ru,cryptolocker
dga,casemark,casemark.net,nivdort
dga,cbngcwqwgispo91x7bishez,cbngcwqwgispo91x7bishez.biz,newgoz
dga,nftlpbq,nftlpbq.ga,necurs
dga,nmmydfevgpxpate,nmmydfevgpxpate.ru,cryptolocker
dga,spokesleep,spokesleep.net,nivdort
dga,pkurpmuqgtqu,pkurpmuqgtqu.org,cryptolocker
legit,pornsharia,pornsharia.com,legit
legit,zing,zing.vn,alexa
legit,aljyyosh,aljyyosh.com,alexa
dga,efnfajdmqpt,efnfajdmqpt.cc,necurs
dga,musicgone,musicgone.net,nivdort
legit,azamatushanov,azamatushanov.org,legit
dga,tcqyrvvgeosgtd,tcqyrvvgeosgtd.ru,cryptolocker
dga,1v8uzfx1fg0u39fr4vql5fb2ep,1v8uzfx1fg0u39fr4vql5fb2ep.net,gameoverdga
legit,rupapettiya,rupapettiya.info,alexa
legit,jordanmalik,jordanmalik.com,legit
legit,jasonsdeli,jasonsdeli.com,legit
legit,mzamin,mzamin.com,alexa
dga,17kt9qt19xhlc5dr7s9g138knhz,17kt9qt19xhlc5dr7s9g138knhz.net,newgoz
dga,ozxwordpzskhdavmbglrgzh,ozxwordpzskhdavmbglrgzh.ru,goz
legit,eghtesadonline,eghtesadonline.com,alexa
dga,77u4lec0cox1ucfgqu1thkri,77u4lec0cox1ucfgqu1thkri.com,newgoz
dga,pm9ahd1u1ilol17u10h81d1j18e,pm9ahd1u1ilol17u10h81d1j18e.biz,gameoverdga
legit,speakpipe,speakpipe.com,legit
dga,trqoctdmplvrxhl,trqoctdmplvrxhl.net,cryptolocker
legit,inhabitots,inhabitots.com,legit
legit,protivmmm,protivmmm.org,legit
dga,yardenjoy,yardenjoy.net,nivdort
dga,wgvhpugjkcuqits,wgvhpugjkcuqits.biz,cryptolocker
dga,ejavvmjttqprkbi,ejavvmjttqprkbi.ru,cryptolocker
legit,musicradio,musicradio.com.cn,legit
legit,bath,bath.ac.uk,alexa
legit,zq24,zq24.com,alexa
legit,questionablecontent,questionablecontent.net,alexa
legit,alamontada,alamontada.com,legit
legit,afpforum,afpforum.com,alexa
dga,xrspyuisfgguvrh,xrspyuisfgguvrh.mn,necurs
legit,whdh,whdh.com,alexa
dga,ma8xk81roe44l1xan8cv1i35g96,ma8xk81roe44l1xan8cv1i35g96.com,newgoz
legit,paragonmailer,paragonmailer.com,alexa
dga,pmigqsgiwyybino,pmigqsgiwyybino.ru,cryptolocker
dga,xdprtymvpopokq,xdprtymvpopokq.ru,cryptolocker
legit,fivestore,fivestore.it,legit
dga,efyfaqpdggjeux,efyfaqpdggjeux.com,cryptolocker
dga,xiejjfqchinohlx,xiejjfqchinohlx.ru,cryptolocker
legit,7thspace,7thspace.com,legit
dga,salthappy,salthappy.net,nivdort
dga,pdblydkqumx,pdblydkqumx.ga,necurs
legit,acikogretim,acikogretim.me,legit
dga,egtkjooommwakfkb,egtkjooommwakfkb.in,necurs
dga,7k5d6e6ob7rm1mc4a97121gdfq,7k5d6e6ob7rm1mc4a97121gdfq.net,newgoz
dga,3edq4seeoi5y161h7h1ak0ibv,3edq4seeoi5y161h7h1ak0ibv.com,gameoverdga
legit,jmty,jmty.jp,alexa
dga,f0fvmu1m8i3ohdug04unzdqif,f0fvmu1m8i3ohdug04unzdqif.biz,newgoz
legit,eaglerising,eaglerising.com,alexa
dga,ijvllqwohxjqdcm,ijvllqwohxjqdcm.co.uk,cryptolocker
dga,tmnesovhoruuqsvmo,tmnesovhoruuqsvmo.cc,necurs
dga,1rd6bbl4exkgm1yaafdr11lqxaf,1rd6bbl4exkgm1yaafdr11lqxaf.net,newgoz
legit,careerconfidential,careerconfidential.com,legit
legit,hanyhussain,hanyhussain.com,alexa
legit,diamondbank,diamondbank.com,alexa
legit,vladtv,vladtv.com,alexa
legit,koctas,koctas.com.tr,alexa
dga,whichrule,whichrule.net,nivdort
legit,myfonts,myfonts.com,alexa
legit,invitro,invitro.ru,alexa
dga,musicopen,musicopen.net,nivdort
legit,menupages,menupages.com,alexa
legit,turkuvazmatbaacilik,turkuvazmatbaacilik.com,legit
dga,dmnrtdafqwhugyibinaaizdh,dmnrtdafqwhugyibinaaizdh.ru,goz
legit,nowgoal,nowgoal.com,alexa
dga,ba0f91df2deea76272e7fe7247982e61,ba0f91df2deea76272e7fe7247982e61.org,bamital
legit,chalanachithram,chalanachithram.com,legit
dga,vwhsscddjaufa,vwhsscddjaufa.ru,cryptolocker
legit,udthemes,udthemes.com,alexa
legit,small-industry,small-industry.com,legit
dga,vgkpetywqojm,vgkpetywqojm.ru,cryptolocker
legit,biznulled,biznulled.com,alexa
legit,yepp-yepp,yepp-yepp.com,legit
dga,1jon1kb10y4nlplv0jv11f3gi5o,1jon1kb10y4nlplv0jv11f3gi5o.biz,newgoz
dga,qsvmhdplhqhavba,qsvmhdplhqhavba.co.uk,cryptolocker
legit,iasds01,iasds01.com,legit
legit,themeum,themeum.com,alexa
legit,kulis,kulis.az,alexa
legit,80code,80code.com,alexa
dga,sasrpnewbdioccj,sasrpnewbdioccj.ru,cryptolocker
dga,eb5j5x13ttbr1q1k2jvm12uta,eb5j5x13ttbr1q1k2jvm12uta.biz,newgoz
legit,minnano,minnano-av.com,alexa
dga,hiuxwcbmvusclcitkjpfyy,hiuxwcbmvusclcitkjpfyy.ru,goz
dga,rcp564frsgk1ku1zd41hr27sv,rcp564frsgk1ku1zd41hr27sv.net,gameoverdga
dga,spotwing,spotwing.net,nivdort
legit,babesjoy,babesjoy.com,legit
dga,boyeusauikygwoo,boyeusauikygwoo.org,cryptolocker
dga,xovyuofrnugch,xovyuofrnugch.ru,cryptolocker
legit,fishmpegs,fishmpegs.com,alexa
legit,onemorelevel,onemorelevel.com,legit
dga,sswjoolfnvfm,sswjoolfnvfm.ru,cryptolocker
dga,notwyyljyrubpxb,notwyyljyrubpxb.com,cryptolocker
dga,xsjdmwpovwqkp,xsjdmwpovwqkp.ru,cryptolocker
dga,4c4mczjc8q4w1x5ko59886p2s,4c4mczjc8q4w1x5ko59886p2s.org,gameoverdga
dga,usederapplayg,usederapplayg.ru,cryptolocker
legit,textalk,textalk.se,alexa
legit,libya-al-mostakbal,libya-al-mostakbal.org,legit
legit,thebitbot,thebitbot.com,legit
dga,cmulrygghhxbar,cmulrygghhxbar.ru,cryptolocker
legit,amoozeshgah,amoozeshgah.org,alexa
dga,1xdt6kli7pckb3a572uvuwr14,1xdt6kli7pckb3a572uvuwr14.biz,gameoverdga
dga,jobbsovasjtn,jobbsovasjtn.co.uk,cryptolocker
dga,casegone,casegone.net,nivdort
dga,bgwilxpmdlgu,bgwilxpmdlgu.ru,cryptolocker
legit,koocash,koocash.com,alexa
legit,juesheng,juesheng.com,alexa
dga,weuhjxglvdpy,weuhjxglvdpy.ru,cryptolocker
dga,hbmacbwhenugxcia,hbmacbwhenugxcia.me,necurs
legit,southernsavers,southernsavers.com,alexa
dga,capqciqheaqpkib,capqciqheaqpkib.ru,cryptolocker
dga,xoswyvmghmqosopk,xoswyvmghmqosopk.pro,necurs
dga,silqqjvprcwlci,silqqjvprcwlci.ru,cryptolocker
legit,motorpasion,motorpasion.com,alexa
legit,taquilla,taquilla.com,legit
legit,jornaldehoje,jornaldehoje.com.br,alexa
dga,dreammonday,dreammonday.net,nivdort
dga,1qrene51k5aq7r19cd1j418ojmjt,1qrene51k5aq7r19cd1j418ojmjt.org,gameoverdga
legit,cpi,cpi.ad.jp,alexa
dga,xwknbetyhxmvpbtmrmjxsytdu,xwknbetyhxmvpbtmrmjxsytdu.ru,goz
legit,continental,continental.com.ar,legit
dga,heaujvlgidiwkgulvohuhedayptogq,heaujvlgidiwkgulvohuhedayptogq.ru,goz
legit,4downloads,4downloads.ir,alexa
legit,facenama,facenama.com,alexa
legit,droid777,droid777.com,legit
dga,a0dshp1xxeg4i1dm1gpcth6yic,a0dshp1xxeg4i1dm1gpcth6yic.org,newgoz
legit,htctouch,htctouch.com,legit
dga,qrqfeuiwvjermpg,qrqfeuiwvjermpg.ru,cryptolocker
legit,petitesannonces,petitesannonces.ch,alexa
dga,123i9vz16few27yzysimerlzm6,123i9vz16few27yzysimerlzm6.org,newgoz
dga,uldvywxyxluonwt,uldvywxyxluonwt.ru,cryptolocker
legit,chefkoch,chefkoch.de,alexa
dga,wwktwxzpbudptxwiveqrcpzp,wwktwxzpbudptxwiveqrcpzp.ru,goz
dga,taaxlihxabcegut,taaxlihxabcegut.ru,cryptolocker
legit,21hubei,21hubei.com,alexa
dga,ohurjsoheldom,ohurjsoheldom.info,cryptolocker
dga,l1se1z1egp0021w4u18zb7t7h,l1se1z1egp0021w4u18zb7t7h.net,newgoz
legit,narenji,narenji.ir,legit
dga,adw5crnidg8f1pibo2o1ro4b5w,adw5crnidg8f1pibo2o1ro4b5w.net,gameoverdga
legit,katu,katu.com,alexa
legit,heatmap,heatmap.me,legit
dga,pbpsvywgcbhhocw,pbpsvywgcbhhocw.ru,cryptolocker
legit,storyonline,storyonline.hu,legit
dga,gnwehrvcrkqc,gnwehrvcrkqc.ru,cryptolocker
legit,designmadeingermany,designmadeingermany.de,alexa
legit,pirat,pirat.ca,alexa
dga,4vim7s3ea0l8jq70d01bywshj,4vim7s3ea0l8jq70d01bywshj.org,gameoverdga
dga,1xshnz51s6gvrl1ytl9ra18i6o9h,1xshnz51s6gvrl1ytl9ra18i6o9h.org,newgoz
legit,startssl,startssl.com,alexa
legit,medscape,medscape.com,alexa
dga,mjopuytbutocuo,mjopuytbutocuo.ru,cryptolocker
legit,securedservers,securedservers.com,legit
dga,touwdtaplissp,touwdtaplissp.ru,cryptolocker
legit,kpu,kpu.go.id,alexa
legit,antsmagazine,antsmagazine.com,legit
legit,accuweather,accuweather.com,alexa
dga,lrcrahyset,lrcrahyset.jp,necurs
dga,pohancwssovlksf,pohancwssovlksf.com,cryptolocker
dga,ucmjrsnzbqdwhbqfesci,ucmjrsnzbqdwhbqfesci.ru,goz
legit,my-hosting-panel,my-hosting-panel.com,legit
legit,ibisworld,ibisworld.com,alexa
legit,unheap,unheap.com,alexa
dga,sfcgnc1qx20qbhcpl1zo1u20b,sfcgnc1qx20qbhcpl1zo1u20b.biz,newgoz
legit,heise,heise.de,alexa
legit,boxofficeindia,boxofficeindia.com,alexa
legit,irdiplomacy,irdiplomacy.ir,legit
dga,axihxkde,axihxkde.us,necurs
dga,owcgwsxvjoxnss,owcgwsxvjoxnss.ru,cryptolocker
legit,bestblackhatforum,bestblackhatforum.com,alexa
dga,sbkijdfqdyefj,sbkijdfqdyefj.info,cryptolocker
legit,moke8,moke8.com,alexa
legit,jamendo,jamendo.com,alexa
dga,1l07prfg4ny69wovyydlvwjcx,1l07prfg4ny69wovyydlvwjcx.com,newgoz
legit,jpn,jpn.org,alexa
legit,addgoogleurl,addgoogleurl.eu,legit
dga,hbfiaruicxyy,hbfiaruicxyy.ru,cryptolocker
dga,sjvvslandnushk,sjvvslandnushk.ru,cryptolocker
legit,zeroredirect1,zeroredirect1.com,alexa
dga,10y31b61ove5jk3su9h4tpqzy0,10y31b61ove5jk3su9h4tpqzy0.biz,newgoz
dga,gs861khvyolg16s1f0qw35tp3,gs861khvyolg16s1f0qw35tp3.org,newgoz
legit,pba-online,pba-online.net,legit
legit,hawtcelebs,hawtcelebs.com,alexa
legit,ingatlanbazar,ingatlanbazar.hu,alexa
legit,accountingcoach,accountingcoach.com,alexa
dga,watchfirst,watchfirst.net,nivdort
dga,iyhcpvcjahrcxl,iyhcpvcjahrcxl.biz,cryptolocker
dga,1b136yv1pvb32xjyov7g172ynh0,1b136yv1pvb32xjyov7g172ynh0.com,gameoverdga
legit,irresistiblemarketing,irresistiblemarketing.com,alexa
legit,livesense,livesense.co.jp,alexa
dga,sppdnwjsqkjvh,sppdnwjsqkjvh.ru,cryptolocker
dga,saltraise,saltraise.net,nivdort
dga,hdzxkznfkvypbidnzeamwspto,hdzxkznfkvypbidnzeamwspto.ru,goz
legit,kodansha,kodansha.co.jp,alexa
legit,webbikeworld,webbikeworld.com,legit
dga,lkkjsdjdvqbmq,lkkjsdjdvqbmq.ru,cryptolocker
legit,lakupon,lakupon.com,legit
legit,globat,globat.com,alexa
legit,alot,alot.com,alexa
dga,ubfkbmxgfiid,ubfkbmxgfiid.org,cryptolocker
dga,lxnbfivay,lxnbfivay.com,necurs
legit,babynamesdirect,babynamesdirect.com,legit
legit,webdesign-inspiration,webdesign-inspiration.com,legit
legit,sheridancollege,sheridancollege.ca,legit
dga,mvalxpbknpkok,mvalxpbknpkok.biz,cryptolocker
legit,ba2b687,ba2b687.se,alexa
dga,cmtgxeijfdtxnribpnjf,cmtgxeijfdtxnribpnjf.ru,goz
legit,directorybunch,directorybunch.com,legit
legit,viking,viking-direct.co.uk,alexa
legit,azbilliards,azbilliards.com,legit
legit,nullrefer,nullrefer.com,alexa
dga,whichearth,whichearth.net,nivdort
legit,97down,97down.info,alexa
dga,nvhiwiobgyxph,nvhiwiobgyxph.ru,cryptolocker
dga,brhajukitdvabdhiosjnr,brhajukitdvabdhiosjnr.mn,necurs
dga,sightgrow,sightgrow.net,nivdort
dga,awuopgvjrrqyuy,awuopgvjrrqyuy.org,cryptolocker
legit,snag,snag.gy,alexa
dga,latpivbmvlilsxng,latpivbmvlilsxng.sc,necurs
legit,infomart,infomart.co.jp,legit
dga,okqrdvbyblkcwhp,okqrdvbyblkcwhp.kz,necurs
dga,araedxatoayir,araedxatoayir.ru,cryptolocker
dga,pffqaqpploxqc,pffqaqpploxqc.info,cryptolocker
legit,morevisibility,morevisibility.com,legit
dga,1q78qt5qrxpl51r1xy2v1rv9vd8,1q78qt5qrxpl51r1xy2v1rv9vd8.net,newgoz
dga,qqrdquam,qqrdquam.cc,necurs
legit,mpcforum,mpcforum.pl,legit
dga,humanfeed,humanfeed.net,nivdort
dga,ktdrgft5vk45bkumnx193fc68,ktdrgft5vk45bkumnx193fc68.net,gameoverdga
legit,houdao,houdao.com,alexa
legit,anglican,anglican.org,legit
legit,doorkeeper,doorkeeper.jp,alexa
dga,abhlmmcdfbdue,abhlmmcdfbdue.ru,cryptolocker
legit,waveapps,waveapps.com,alexa
dga,kvyucqrvftllmg,kvyucqrvftllmg.ru,cryptolocker
dga,xkspuacjivfxkt,xkspuacjivfxkt.ru,cryptolocker
legit,videoswiper,videoswiper.net,alexa
dga,cyozembizlxshvojvroayeyydk,cyozembizlxshvojvroayeyydk.ru,goz
legit,xlobo,xlobo.com,alexa
legit,ensenada,ensenada.net,alexa
dga,im0eo6grwsif1y5ih029bcjx,im0eo6grwsif1y5ih029bcjx.com,newgoz
dga,hhhdkqnfpuexv,hhhdkqnfpuexv.ru,cryptolocker
dga,107m9im1vga7icqkenbj2rps21,107m9im1vga7icqkenbj2rps21.com,gameoverdga
legit,womensecret,womensecret.com,legit
legit,webdirectoriesfree,webdirectoriesfree.com,legit
dga,11qxs2v74uftc1pah0vl1rr8mko,11qxs2v74uftc1pah0vl1rr8mko.com,newgoz
dga,1lnxo3vt8ba39jn41t1sti4ac,1lnxo3vt8ba39jn41t1sti4ac.biz,newgoz
legit,celebden,celebden.com,legit
legit,southerncompany,southerncompany.com,alexa
legit,8tracks,8tracks.com,alexa
legit,goldwinwebstore,goldwinwebstore.jp,legit
dga,tglskimnlte,tglskimnlte.jp,necurs
dga,sp54mi26u16ikhhi2d173mcts,sp54mi26u16ikhhi2d173mcts.com,gameoverdga
dga,v1tx6mn9m541p4etl1ui414r,v1tx6mn9m541p4etl1ui414r.net,gameoverdga
dga,hangtook,hangtook.net,nivdort
dga,yaifcbbyhitevwjpw,yaifcbbyhitevwjpw.nu,necurs
dga,heecloxisnkptj,heecloxisnkptj.ru,cryptolocker
legit,youth,youth.cn,alexa
dga,7dbd63d5ea61873b3101b214df518120,7dbd63d5ea61873b3101b214df518120.org,bamital
legit,kulalsalafiyeen,kulalsalafiyeen.com,legit
dga,egdechwafynyiei,egdechwafynyiei.ru,cryptolocker
legit,salinadowntown,salinadowntown.com,legit
legit,facts-and-figures,facts-and-figures.org,legit
dga,eawqogfsswertrg,eawqogfsswertrg.ru,cryptolocker
legit,z5traffic,z5traffic.com,legit
legit,vinemoments,vinemoments.com,alexa
legit,heatherstips,heatherstips.com,legit
dga,khdpvujsmbbbgi,khdpvujsmbbbgi.ir,necurs
legit,7zhan,7zhan.com,alexa
legit,ebs,ebs.in,alexa
legit,internapcdn,internapcdn.net,legit
legit,oyodomo0,oyodomo0.com,alexa
dga,qakldwpgdawoxh,qakldwpgdawoxh.ru,cryptolocker
dga,arvbjuqnvecdtn,arvbjuqnvecdtn.ru,cryptolocker
legit,irpowerweb,irpowerweb.com,legit
legit,hipchat,hipchat.com,alexa
dga,1v2li2713o8z8q10to3zavel163,1v2li2713o8z8q10to3zavel163.net,newgoz
dga,tkbeeyqyxlfdwkdtkmzuuday,tkbeeyqyxlfdwkdtkmzuuday.ru,goz
legit,entertainment,entertainment-factory.com,alexa
dga,lhyltkpxpvgamb,lhyltkpxpvgamb.ru,cryptolocker
legit,qrstuff,qrstuff.com,alexa
legit,starforcehiphop,starforcehiphop.com,alexa
legit,rentcar237,rentcar237.com,alexa
dga,chlhrgijkft,chlhrgijkft.nf,necurs
dga,hyjerwvhocihldg,hyjerwvhocihldg.ru,cryptolocker
dga,uqherbxxdgtkl,uqherbxxdgtkl.ru,cryptolocker
dga,ulykfxmuqfyapd,ulykfxmuqfyapd.ru,cryptolocker
legit,tutellus,tutellus.com,alexa
legit,fancyapps,fancyapps.com,alexa
dga,pryiabkytspbx,pryiabkytspbx.ru,cryptolocker
dga,dbmmsjlggdrwxhu,dbmmsjlggdrwxhu.ru,cryptolocker
dga,rojioclyitdf,rojioclyitdf.co.uk,cryptolocker
dga,ityrdoabuwbe,ityrdoabuwbe.ru,cryptolocker
dga,hmfknaqeutdgqhkbizhhjn,hmfknaqeutdgqhkbizhhjn.ru,goz
dga,ds5dhpugcnmp1fiylyi1668h2c,ds5dhpugcnmp1fiylyi1668h2c.net,gameoverdga
dga,wh83nuu0nrlahyn20267p3cj,wh83nuu0nrlahyn20267p3cj.com,newgoz
legit,aggeliopolis,aggeliopolis.gr,alexa
legit,techcular,techcular.com,legit
dga,rnfilgqnrwaoevp,rnfilgqnrwaoevp.ru,cryptolocker
legit,wikinavi,wikinavi.net,legit
legit,employeeconnection,employeeconnection.net,legit
dga,ptfagphyhoejsxv,ptfagphyhoejsxv.ru,cryptolocker
dga,hvghknixntvtq,hvghknixntvtq.ru,cryptolocker
legit,77music,77music.com,alexa
dga,boogstgdrywqysq,boogstgdrywqysq.ru,cryptolocker
dga,sundayfire,sundayfire.net,nivdort
legit,gamespot,gamespot.com,alexa
dga,buic9w15g95u1178e10i9jkf1r,buic9w15g95u1178e10i9jkf1r.org,newgoz
dga,drebdwhikxhbq,drebdwhikxhbq.ru,cryptolocker
dga,eynquuqfctehf,eynquuqfctehf.ru,cryptolocker
legit,ctgoodjobs,ctgoodjobs.hk,legit
dga,gytqbyijripm,gytqbyijripm.ru,cryptolocker
dga,ytlbpfallgthmrwhmqcdnjdy,ytlbpfallgthmrwhmqcdnjdy.ru,goz
legit,freesap,freesap.ru,legit
dga,urmgvuukkqmmu,urmgvuukkqmmu.ru,cryptolocker
legit,quero,quero-ganhar-dinheiro.com,alexa
legit,6vhao,6vhao.com,alexa
legit,locojoy,locojoy.com,legit
legit,casalsemvergonha,casalsemvergonha.com.br,alexa
legit,dwd,dwd.de,alexa
legit,shabnamnews,shabnamnews.com,alexa
dga,xuqbwamnhaagpjg,xuqbwamnhaagpjg.ru,cryptolocker
legit,techsupportforum,techsupportforum.com,alexa
legit,portalsertaoemfoco,portalsertaoemfoco.com.br,legit
dga,qjfqisjvulcjvn,qjfqisjvulcjvn.biz,cryptolocker
legit,crackle,crackle.com,alexa
legit,amateurslust,amateurslust.com,legit
legit,yourtexasbenefits,yourtexasbenefits.com,legit
dga,1co8fbg1kdwtesf21a1mkj0uk3,1co8fbg1kdwtesf21a1mkj0uk3.net,gameoverdga
dga,occwuxtonpsihj,occwuxtonpsihj.ru,cryptolocker
legit,paltimes,paltimes.net,alexa
dga,lytajtjpvrjhhj,lytajtjpvrjhhj.xxx,necurs
dga,ffjlnkcrkhxj,ffjlnkcrkhxj.net,cryptolocker
legit,pineconeresearch,pineconeresearch.com,alexa
dga,be16c79ba11b4b3f87b3e5ce33d7fcc8,be16c79ba11b4b3f87b3e5ce33d7fcc8.org,bamital
legit,tzdsw,tzdsw.cn,alexa
dga,roa92asnzhxh2dmzcun9br6s,roa92asnzhxh2dmzcun9br6s.net,newgoz
dga,1ua0vjf11oqnsi61e0318n5gaq,1ua0vjf11oqnsi61e0318n5gaq.org,gameoverdga
legit,my4hrworkweek,my4hrworkweek.com,legit
dga,qkiehngyuoikbrn,qkiehngyuoikbrn.me,necurs
legit,viber,viber.com,alexa
dga,tspyyuuyh,tspyyuuyh.ru,necurs
legit,wordtracker,wordtracker.com,alexa
dga,hnqvsyifmfmd,hnqvsyifmfmd.ru,cryptolocker
legit,onservis,onservis.ru,legit
legit,bestfreewaredownload,bestfreewaredownload.com,legit
legit,gladiatus,gladiatus.com.mx,legit
dga,wkbquccmmnlzxjnmjrcmzshulr,wkbquccmmnlzxjnmjrcmzshulr.ru,goz
legit,eztravel,eztravel.com.tw,alexa
legit,casinocheck,casinocheck.com,legit
dga,bjutostnycopn,bjutostnycopn.ru,cryptolocker
dga,musicgoes,musicgoes.net,nivdort
dga,hcsdkhbncpkplv,hcsdkhbncpkplv.ru,cryptolocker
dga,qobwvleidvkb,qobwvleidvkb.ru,cryptolocker
legit,worldtraveler,worldtraveler.biz,legit
dga,42d85036365f66e3fa57f7278d17944b,42d85036365f66e3fa57f7278d17944b.org,bamital
dga,megnajhxpd,megnajhxpd.pw,necurs
dga,16xwp3lg28g3g1h7jdjy6hlfud,16xwp3lg28g3g1h7jdjy6hlfud.biz,gameoverdga
dga,1ddc6tz53ixbbxv13f78j15it,1ddc6tz53ixbbxv13f78j15it.net,newgoz
dga,gladsound,gladsound.net,nivdort
dga,feltonly,feltonly.net,nivdort
dga,vjwtjxjlwdogois,vjwtjxjlwdogois.ru,cryptolocker
dga,9p0o2dbtula6rd9zx8zf1top,9p0o2dbtula6rd9zx8zf1top.com,gameoverdga
dga,fxrfugdbqdeh,fxrfugdbqdeh.ru,cryptolocker
legit,chinaelc,chinaelc.cn,alexa
legit,sodexo,sodexo.com,alexa
dga,129l32t1yav94u27do2u1alqccy,129l32t1yav94u27do2u1alqccy.biz,newgoz
dga,wwkvdopspprnbdy,wwkvdopspprnbdy.ru,cryptolocker
dga,315x07r69ogm1kn71qq18fmoxy,315x07r69ogm1kn71qq18fmoxy.net,gameoverdga
dga,ycyymcmqbloyoc,ycyymcmqbloyoc.com,cryptolocker
legit,flixster,flixster.com,alexa
legit,pedestrian,pedestrian.tv,alexa
legit,webdesigner-profi,webdesigner-profi.de,legit
dga,ujapndafiwdwjk,ujapndafiwdwjk.ru,cryptolocker
dga,wpdvtmumrjbgkppmss,wpdvtmumrjbgkppmss.pw,necurs
legit,28qu,28qu.com,alexa
legit,buxmail,buxmail.com,legit
dga,enhvxboihlitcgn,enhvxboihlitcgn.ru,cryptolocker
dga,gyyasoyvbqqcu,gyyasoyvbqqcu.bit,necurs
dga,cemtgysti54e1dzw2pfudccdq,cemtgysti54e1dzw2pfudccdq.org,gameoverdga
dga,vhdoiqumgqgg,vhdoiqumgqgg.ru,cryptolocker
legit,ingatlan,ingatlan.com,alexa
dga,z1sznr122nyq81h8arbiwkf9mp,z1sznr122nyq81h8arbiwkf9mp.com,newgoz
legit,weeblyforums,weeblyforums.com,legit
dga,rjkdebujygmx,rjkdebujygmx.ru,cryptolocker
dga,cmzjsz1cmfpnc1t1zzij9wq991,cmzjsz1cmfpnc1t1zzij9wq991.com,newgoz
dga,19r1x28z7fcey43defq131dim2,19r1x28z7fcey43defq131dim2.net,gameoverdga
legit,igropark,igropark.ru,legit
dga,takentaste,takentaste.net,nivdort
legit,idevice,idevice.ro,legit
dga,mejbivxswhiyd,mejbivxswhiyd.ru,cryptolocker
legit,jkb,jkb.com.cn,alexa
dga,1w670it1gcjlah1idocj11hzq1e6,1w670it1gcjlah1idocj11hzq1e6.net,gameoverdga
dga,balgopgnsgsxqh,balgopgnsgsxqh.ru,cryptolocker
legit,whnet,whnet.edu.cn,alexa
legit,venezuelatuya,venezuelatuya.com,alexa
legit,guancha,guancha.cn,alexa
legit,couponconnections,couponconnections.com,legit
dga,spendrest,spendrest.net,nivdort
legit,fbcdn,fbcdn.net,alexa
legit,free-porn-vidz,free-porn-vidz.com,legit
dga,bncptyjvdcogx,bncptyjvdcogx.co.uk,cryptolocker
dga,xdoflxjispncikd,xdoflxjispncikd.ru,cryptolocker
dga,txtialmegjetku,txtialmegjetku.ru,cryptolocker
legit,joomlashack,joomlashack.com,legit
legit,peugeot,peugeot.com,alexa
legit,pegadesconto,pegadesconto.com.br,alexa
dga,spokecross,spokecross.net,nivdort
dga,cwjreybledsi,cwjreybledsi.ru,cryptolocker
legit,alwafd,alwafd.org,alexa
legit,dmovil,dmovil.com.mx,alexa
legit,gamexp,gamexp.ru,alexa
dga,1nid31h1i2e5ek98rpf31sdu0sf,1nid31h1i2e5ek98rpf31sdu0sf.org,newgoz
legit,seokratie,seokratie.de,alexa
dga,ijlmvcjfwhirm,ijlmvcjfwhirm.ru,cryptolocker
dga,awvrwhfwljvmfnl,awvrwhfwljvmfnl.ru,cryptolocker
dga,gukcefcirejdban,gukcefcirejdban.ru,cryptolocker
dga,kqvgoqacftwrjf,kqvgoqacftwrjf.com,necurs
dga,ddxqefuxeramnb,ddxqefuxeramnb.ru,cryptolocker
dga,whichfeel,whichfeel.net,nivdort
legit,ymtrack,ymtrack.com,legit
legit,aexp-static,aexp-static.com,legit
legit,almaghribtoday,almaghribtoday.net,alexa
dga,kfkwwdsqskdqqfqkovg,kfkwwdsqskdqqfqkovg.de,necurs
dga,nqqmvfylufhuk,nqqmvfylufhuk.info,cryptolocker
dga,whomhappy,whomhappy.net,nivdort
legit,bloomgamer,bloomgamer.com,alexa
legit,kenmore,kenmore.com,legit
dga,mkgambodphlbkk,mkgambodphlbkk.ru,cryptolocker
dga,qccqlbjfaqyxheqojqsdmjtonbxgpv,qccqlbjfaqyxheqojqsdmjtonbxgpv.ru,goz
legit,freemaptools,freemaptools.com,alexa
dga,xmqvosscuyvt,xmqvosscuyvt.ru,cryptolocker
legit,24-7pressrelease,24-7pressrelease.com,legit
legit,managementhelp,managementhelp.org,legit
legit,hsn,hsn.com,alexa
legit,smotrim-serial,smotrim-serial.com,legit
dga,jaygbsgcfwssi,jaygbsgcfwssi.com,cryptolocker
dga,1mhkvu6deobnp1izllno1rzwt8c,1mhkvu6deobnp1izllno1rzwt8c.org,newgoz
legit,digitaldividenetwork,digitaldividenetwork.org,legit
legit,postbillpay,postbillpay.com.au,legit
legit,polypat,polypat.org,legit
dga,qugtpalisermcpw,qugtpalisermcpw.ru,cryptolocker
dga,vgdvlfqpdxhhih,vgdvlfqpdxhhih.ru,cryptolocker
dga,aglpebmfkrfx,aglpebmfkrfx.biz,cryptolocker
legit,phpbb3styles,phpbb3styles.net,legit
dga,frogtaipqwnc,frogtaipqwnc.net,cryptolocker
legit,letmestyle,letmestyle.com,legit
legit,fornex,fornex.com,alexa
legit,momandson,momandson-sex.com,alexa
dga,pfmdrsbvrkpti,pfmdrsbvrkpti.ru,cryptolocker
legit,tumanude,tumanude.com,legit
dga,htbmsgnafnup,htbmsgnafnup.co.uk,cryptolocker
legit,juanfutbol,juanfutbol.com,alexa
dga,oqbqmnurlhbcecc,oqbqmnurlhbcecc.biz,cryptolocker
dga,1c3e6accyk1bmcot0w8xmnvo,1c3e6accyk1bmcot0w8xmnvo.net,newgoz
dga,1yhwy16bfi17w1xjxilnu6k3zo,1yhwy16bfi17w1xjxilnu6k3zo.net,newgoz
legit,hulkfile,hulkfile.eu,alexa
legit,userecho,userecho.com,alexa
dga,vvottnobwxdr,vvottnobwxdr.ru,cryptolocker
legit,anz,anz.com,alexa
dga,1hs4317wz1e0v1s1jnqc1yp0eqx,1hs4317wz1e0v1s1jnqc1yp0eqx.net,newgoz
legit,osxdaily,osxdaily.com,alexa
legit,empowher,empowher.com,alexa
legit,playfrance,playfrance.com,alexa
legit,games-sky,games-sky.net,legit
dga,4rr9cs4w2p7l13j33ar10j2jg4,4rr9cs4w2p7l13j33ar10j2jg4.biz,newgoz
legit,webdesignrecipes,webdesignrecipes.com,alexa
dga,oejagdclgdbk,oejagdclgdbk.co.uk,cryptolocker
legit,regcure,regcure.com,legit
legit,333site,333site.com,legit
legit,yixieshi,yixieshi.com,alexa
legit,hse,hse.ru,alexa
legit,centrobuv,centrobuv.ru,legit
legit,hercegbosna,hercegbosna.org,legit
dga,exkyofnhtlculj,exkyofnhtlculj.ru,cryptolocker
dga,spotshirt,spotshirt.net,nivdort
dga,qhylvxrmjlrcipfephagqxsskfy,qhylvxrmjlrcipfephagqxsskfy.ru,goz
legit,learntobloghangouts,learntobloghangouts.com,alexa
legit,ispsystem,ispsystem.com,alexa
dga,chhsmbbwdjkpsd,chhsmbbwdjkpsd.ru,cryptolocker
dga,rdbydjokdwhl,rdbydjokdwhl.ru,cryptolocker
legit,garyr,garyr.net,alexa
dga,mvnsbrbcmerpbuor,mvnsbrbcmerpbuor.pw,necurs
legit,razorsocial,razorsocial.com,alexa
legit,assineabril,assineabril.com.br,legit
legit,5shardware,5shardware.com,alexa
dga,plcoxxr,plcoxxr.ki,necurs
legit,tradeholding,tradeholding.net,legit
legit,lesliespool,lesliespool.com,legit
dga,osftulaaugnojl,osftulaaugnojl.org,cryptolocker
dga,qkqsvwkzkvlyhwcpljhcunvdmmjzp,qkqsvwkzkvlyhwcpljhcunvdmmjzp.ru,goz
dga,hgroieuilpyin,hgroieuilpyin.ru,cryptolocker
dga,tnrpvokuntwuhh,tnrpvokuntwuhh.ru,cryptolocker
dga,thjxgdhitrfrjoy,thjxgdhitrfrjoy.ru,cryptolocker
legit,plazmaburst2,plazmaburst2.com,legit
legit,win-rar,win-rar.com,legit
legit,njoftime,njoftime.com,legit
legit,tophatter,tophatter.com,alexa
legit,hgamecn,hgamecn.com,legit
dga,84crjt1l4mupadcouytaihmnx,84crjt1l4mupadcouytaihmnx.net,gameoverdga
legit,1000charge,1000charge.com,alexa
legit,gamewith,gamewith.jp,alexa
dga,ejkvxqomwhkjxwy,ejkvxqomwhkjxwy.ru,cryptolocker
dga,cgxchhxrwtfove,cgxchhxrwtfove.ru,cryptolocker
legit,windowly,windowly.com,alexa
legit,forumhouse,forumhouse.ru,alexa
legit,par30song,par30song.com,alexa
legit,loach,loach.net.cn,alexa
legit,armaniexchange,armaniexchange.com,alexa
dga,ktf0ig1ed3tbe1lmhli1lltgcr,ktf0ig1ed3tbe1lmhli1lltgcr.com,newgoz
dga,1swzb9l1t4skb01hmf3bhgl4i91,1swzb9l1t4skb01hmf3bhgl4i91.org,newgoz
legit,buzzcity,buzzcity.com,alexa
legit,pmh,pmh.cn,alexa
dga,f1fef40bb74831632fd0452aa3007da0,f1fef40bb74831632fd0452aa3007da0.org,bamital
dga,1hva5fh1dg9dcp1bxlefa1atdvcu,1hva5fh1dg9dcp1bxlefa1atdvcu.biz,newgoz
legit,brick-force,brick-force.com,legit
legit,virtuemart2,virtuemart2.info,legit
legit,immunet,immunet.com,legit
legit,asiawebdirect,asiawebdirect.com,alexa
dga,wifestate,wifestate.net,nivdort
legit,hdkinoteatr,hdkinoteatr.com,alexa
dga,ngomhyukrtub,ngomhyukrtub.ru,cryptolocker
legit,techwyse,techwyse.com,alexa
dga,1a4szz8v18h561x73czg3eywp1,1a4szz8v18h561x73czg3eywp1.biz,newgoz
legit,wozaonline,wozaonline.co.za,legit
dga,gmtescoyfjybj,gmtescoyfjybj.ru,cryptolocker
dga,kialgnnhcrelbupensq,kialgnnhcrelbupensq.xxx,necurs
legit,1001jogos,1001jogos.pt,legit
legit,hihostels,hihostels.com,alexa
dga,17e8zrwhi40sn1l9t0h351pws,17e8zrwhi40sn1l9t0h351pws.net,gameoverdga
legit,php168,php168.com,alexa
legit,mybloggerthemes,mybloggerthemes.com,alexa
dga,8340400f7f10ab649388e02925a35015,8340400f7f10ab649388e02925a35015.org,bamital
dga,1fy35izt4vf2jc2ywqbe0hv93,1fy35izt4vf2jc2ywqbe0hv93.com,gameoverdga
legit,teachertube,teachertube.com,legit
legit,hbo,hbo.com,alexa
legit,submitanarticle,submitanarticle.info,legit
dga,hdkndmjruyzltqcvogqrohphm,hdkndmjruyzltqcvogqrohphm.ru,goz
dga,xpseatublnyfq,xpseatublnyfq.ru,cryptolocker
legit,allgooogle,allgooogle.com,legit
legit,chiba,chiba.jp,alexa
legit,graziadaily,graziadaily.co.uk,legit
legit,thehut,thehut.com,alexa
legit,nsanedown,nsanedown.com,legit
legit,aarabladies,aarabladies.com,legit
legit,imediaconnection,imediaconnection.com,alexa
dga,xdtnqesikfsrk,xdtnqesikfsrk.sh,necurs
legit,dogxxxtube,dogxxxtube.com,alexa
legit,interstatebatteries,interstatebatteries.com,legit
dga,dreamlate,dreamlate.net,nivdort
dga,p0n6gb66nry9sdu9re9f90dq,p0n6gb66nry9sdu9re9f90dq.org,gameoverdga
dga,suowgecresqgdtnj,suowgecresqgdtnj.ug,necurs
dga,daopngwpnfgpr,daopngwpnfgpr.ru,cryptolocker
legit,gendama,gendama.jp,alexa
dga,qolyddffckllvr,qolyddffckllvr.com,cryptolocker
legit,whitehouseblackmarket,whitehouseblackmarket.com,alexa
legit,footilio,footilio.com,legit
dga,lbbmcembuizdtmzxlhlznvcqd,lbbmcembuizdtmzxlhlznvcqd.ru,goz
legit,domsovetof,domsovetof.ru,legit
dga,cihutkvkgmdyntgrkkvkfup,cihutkvkgmdyntgrkkvkfup.ru,goz
dga,jqjvuyth,jqjvuyth.tw,necurs
dga,wrqauytigpnuwi,wrqauytigpnuwi.ru,cryptolocker
legit,sinembargo,sinembargo.mx,alexa
dga,a742c37335c9e2b62991a97a45a885aa,a742c37335c9e2b62991a97a45a885aa.org,bamital
dga,jvkyqvvgbscskqd,jvkyqvvgbscskqd.ru,cryptolocker
dga,uipmcbr,uipmcbr.la,necurs
dga,glcfqivqqmqvpqw,glcfqivqqmqvpqw.ru,cryptolocker
legit,amourangels,amourangels.com,alexa
dga,1t0p53avvbcxfyxvef913h3hqy,1t0p53avvbcxfyxvef913h3hqy.biz,newgoz
dga,qfynlunqyexb,qfynlunqyexb.ru,cryptolocker
legit,anythingonthebuzz,anythingonthebuzz.com,legit
legit,service-navi,service-navi.jp,legit
legit,9588,9588.com,alexa
dga,pnp6sw3mvif51569glh1gsdk64,pnp6sw3mvif51569glh1gsdk64.org,newgoz
legit,redbookmag,redbookmag.com,alexa
legit,howardstern,howardstern.com,alexa
legit,porn-star,porn-star.com,legit
legit,asemaniha90,asemaniha90.com,alexa
legit,rapidshare,rapidshare.com,alexa
legit,takaratomy,takaratomy.co.jp,alexa
legit,codepen,codepen.io,alexa
dga,svfqnfiycopyjox,svfqnfiycopyjox.com,cryptolocker
dga,pdeibvcjvllnrslyxpzemgmpyd,pdeibvcjvllnrslyxpzemgmpyd.ru,goz
dga,pkbexnjedmpndnfd,pkbexnjedmpndnfd.sh,necurs
legit,gasnaturalfenosa,gasnaturalfenosa.com.mx,legit
legit,soundhouse,soundhouse.co.jp,alexa
legit,shouyoujz,shouyoujz.com,alexa
dga,lzaeojrmflvustsomnaqhsoulr,lzaeojrmflvustsomnaqhsoulr.ru,goz
legit,ihaan,ihaan.org,alexa
dga,ekfhvwmhoqoakuvin,ekfhvwmhoqoakuvin.biz,necurs
dga,1f1d9p85wjvxr10k5g7h3xmqyo,1f1d9p85wjvxr10k5g7h3xmqyo.org,gameoverdga
legit,paris-turf,paris-turf.com,legit
legit,quotemedia,quotemedia.com,legit
dga,jxioeejqvrjdv,jxioeejqvrjdv.ru,cryptolocker
legit,emforce,emforce.co.kr,legit
dga,ughoiiodjhax,ughoiiodjhax.ru,cryptolocker
legit,xiaoshoubang,xiaoshoubang.org,legit
dga,jfpsdkhvsxtrcm,jfpsdkhvsxtrcm.net,necurs
dga,sgyenfknaamx,sgyenfknaamx.ru,cryptolocker
dga,offerjuly,offerjuly.net,nivdort
dga,clelfqfkkjrc,clelfqfkkjrc.ru,cryptolocker
dga,tszysr9o5ga11cyafq716fq86h,tszysr9o5ga11cyafq716fq86h.org,newgoz
legit,claro-search,claro-search.com,legit
dga,ioufgwsulpyvax,ioufgwsulpyvax.ru,cryptolocker
dga,nlacqdxbwprjy,nlacqdxbwprjy.kz,necurs
dga,vnyhvrvmclmanfucr,vnyhvrvmclmanfucr.me,necurs
dga,pxcvlfkuodop,pxcvlfkuodop.ru,cryptolocker
legit,bolsademulher,bolsademulher.com,alexa
dga,53g5ljduyias3ybkygsm19ex,53g5ljduyias3ybkygsm19ex.com,newgoz
dga,11veuhk1yrx8031j0wduawh4yx1,11veuhk1yrx8031j0wduawh4yx1.com,gameoverdga
legit,opinionlab,opinionlab.com,alexa
dga,humansome,humansome.net,nivdort
legit,csszengarden,csszengarden.com,legit
dga,rhjteiqsproapvfa,rhjteiqsproapvfa.eu,necurs
legit,meeils,meeils.com,alexa
legit,largus,largus.fr,alexa
dga,qbavqcxwncao,qbavqcxwncao.ru,cryptolocker
dga,ivfqgqcquckboropzdqpvnzlh,ivfqgqcquckboropzdqpvnzlh.ru,goz
dga,89af3c11206c5b065aa9b16bea2c2de0,89af3c11206c5b065aa9b16bea2c2de0.org,bamital
dga,nzmtnnreiztcpnwkpnzpqkgmvgt,nzmtnnreiztcpnwkpnzpqkgmvgt.ru,goz
dga,1g73r5b10gke1u1i9vztywk0qgv,1g73r5b10gke1u1i9vztywk0qgv.com,gameoverdga
dga,d864964289a336273c7926cc128165a3,d864964289a336273c7926cc128165a3.org,bamital
dga,xabhhsdygvskw,xabhhsdygvskw.biz,cryptolocker
dga,drinkgrow,drinkgrow.net,nivdort
dga,rqdaxjhhexwqo,rqdaxjhhexwqo.ru,cryptolocker
legit,photoreflect,photoreflect.com,legit
dga,ppefmkbhphhmqno,ppefmkbhphhmqno.biz,cryptolocker
legit,ruoshui,ruoshui.com,alexa
legit,lifelock,lifelock.com,alexa
dga,cjxglrelbfuiw,cjxglrelbfuiw.ru,cryptolocker
dga,pbzgulzucdqnvkfwddicnffer,pbzgulzucdqnvkfwddicnffer.ru,goz
dga,1seq7rxzxs11t15t9jgu1g61rlm,1seq7rxzxs11t15t9jgu1g61rlm.com,gameoverdga
legit,posren,posren.com,alexa
dga,iepiwjevsqldia,iepiwjevsqldia.com,cryptolocker
dga,c24a0094b71e7823ef77385910dd52ab,c24a0094b71e7823ef77385910dd52ab.org,bamital
dga,rfqbdwahhcmsjk,rfqbdwahhcmsjk.bit,necurs
dga,rockearth,rockearth.net,nivdort
dga,fvgjqokkijtvm,fvgjqokkijtvm.ru,cryptolocker
dga,wtaeityoxrencb,wtaeityoxrencb.ru,cryptolocker
legit,perfilunico,perfilunico.com,legit
legit,linktrust,linktrust.com,alexa
legit,basenotes,basenotes.net,alexa
legit,stickytags,stickytags.in,legit
legit,stproperty,stproperty.sg,alexa
dga,vfxdvjoatisgflxv,vfxdvjoatisgflxv.pw,necurs
legit,uniquebondage,uniquebondage.com,legit
dga,owfdjwnombukl,owfdjwnombukl.ru,cryptolocker
legit,servegame,servegame.com,legit
legit,anifreak,anifreak.com,legit
dga,rjjevnv5zxb2708re8x02gfk,rjjevnv5zxb2708re8x02gfk.net,newgoz
legit,ganjawars,ganjawars.ru,legit
legit,ethiojobs,ethiojobs.net,alexa
dga,gjngptdcoueg,gjngptdcoueg.com,cryptolocker
dga,kkwhomcpqf,kkwhomcpqf.cx,necurs
legit,collegeboyporn,collegeboyporn.com,legit
legit,2dopeboyz,2dopeboyz.com,alexa
legit,hollandamerica,hollandamerica.com,alexa
legit,broadwayworld,broadwayworld.com,alexa
legit,alimentacion-sana,alimentacion-sana.net,legit
dga,mtdtojqohbdo,mtdtojqohbdo.ru,cryptolocker
legit,etyjx,etyjx.com,alexa
dga,tczhpfudmxhywsirknroswkecq,tczhpfudmxhywsirknroswkecq.ru,goz
legit,crveneto,crveneto.it,alexa
legit,16valvulas,16valvulas.com.ar,alexa
legit,picstopin,picstopin.com,legit
dga,1a86guj6p4yw516muq4m1xwvllw,1a86guj6p4yw516muq4m1xwvllw.org,gameoverdga
dga,atyrudpvlbqg,atyrudpvlbqg.co.uk,cryptolocker
legit,ardhosting,ardhosting.com,legit
legit,serato,serato.com,alexa
dga,scnwjmwgtrateiu,scnwjmwgtrateiu.info,cryptolocker
dga,llryidfavjkp,llryidfavjkp.ru,cryptolocker
dga,bmiiebwkrwdbxfrpabg,bmiiebwkrwdbxfrpabg.tj,necurs
dga,uevxwnvttkpquy,uevxwnvttkpquy.tj,necurs
dga,17rnucfi72o7e1xnhd471dt53kv,17rnucfi72o7e1xnhd471dt53kv.net,gameoverdga
dga,rqcuwfskstiatbjp,rqcuwfskstiatbjp.me,necurs
dga,cmxpzovivkzpdeyltbygymdl,cmxpzovivkzpdeyltbygymdl.ru,goz
legit,mobogarden,mobogarden.com,legit
dga,pjlftsbixdivghtgmjmronn,pjlftsbixdivghtgmjmronn.ru,goz
dga,vvrcselmjncvpaq,vvrcselmjncvpaq.ru,cryptolocker
legit,nozokinakamuraya,nozokinakamuraya.com,legit
dga,1f7kpsfnn3vf61w67xt71iidvs1,1f7kpsfnn3vf61w67xt71iidvs1.net,gameoverdga
legit,gabia,gabia.com,alexa
legit,whattosearch,whattosearch.com,alexa
dga,iilkrainqwdobd,iilkrainqwdobd.kz,necurs
legit,cn280,cn280.com,alexa
dga,deoo1o1vf3anlwy275zkhv2m,deoo1o1vf3anlwy275zkhv2m.com,gameoverdga
dga,1l0gu9z8a9tyu17g2h3l5iiww,1l0gu9z8a9tyu17g2h3l5iiww.net,newgoz
dga,1cywlyo3jrkw9zpo101wa8flz,1cywlyo3jrkw9zpo101wa8flz.org,newgoz
legit,365project,365project.org,legit
legit,56seer,56seer.com,alexa
dga,uxmthncmsaytyc,uxmthncmsaytyc.ru,cryptolocker
dga,sraryjbfpbxvaew,sraryjbfpbxvaew.ru,cryptolocker
legit,in5d,in5d.com,alexa
dga,cqbqaehqwgamlzugsomfxgxohugqyl,cqbqaehqwgamlzugsomfxgxohugqyl.ru,goz
dga,pcythtgdamhdjm,pcythtgdamhdjm.com,cryptolocker
legit,bitsuse,bitsuse.com,legit
dga,asm9wehzm81es3ctsm1y9ap80,asm9wehzm81es3ctsm1y9ap80.net,gameoverdga
dga,msmsbaacypftfsp,msmsbaacypftfsp.ru,cryptolocker
legit,universalorlando,universalorlando.com,alexa
dga,8rtkt413ruc6ifkbipa1ptrt8a,8rtkt413ruc6ifkbipa1ptrt8a.biz,newgoz
dga,1fh8gzowyy2aabfqkg717fo7h8,1fh8gzowyy2aabfqkg717fo7h8.org,newgoz
legit,spiegel,spiegel.de,alexa
dga,dgqlbgietfdla,dgqlbgietfdla.ru,cryptolocker
legit,ansgear,ansgear.com,legit
dga,cixvihxiofdthtsiwymk,cixvihxiofdthtsiwymk.co,necurs
legit,aies,aies.cn,alexa
legit,salon24,salon24.pl,alexa
legit,insuremycar4less,insuremycar4less.com,legit
legit,asiantown,asiantown.net,legit
legit,babelbay,babelbay.com,legit
legit,jacarebanguela,jacarebanguela.com.br,legit
legit,sitoincontri,sitoincontri.com,legit
dga,swqguclhueajmeywcsgdltkj,swqguclhueajmeywcsgdltkj.ru,goz
legit,games-workshop,games-workshop.com,legit
dga,iocxrrqdesiiicay,iocxrrqdesiiicay.so,necurs
dga,vqmwyptwrfofos,vqmwyptwrfofos.ru,cryptolocker
dga,fuppfbplesegaxm,fuppfbplesegaxm.ru,cryptolocker
legit,amateuretsexe,amateuretsexe.com,legit
legit,mushroomtube,mushroomtube.com,legit
dga,ivkdcpnvdxwkm,ivkdcpnvdxwkm.biz,cryptolocker
dga,yscjxsas,yscjxsas.us,necurs
legit,aufeminin,aufeminin.com,alexa
dga,fcfc7950eb4dc2cef28574d0c31a4a60,fcfc7950eb4dc2cef28574d0c31a4a60.org,bamital
dga,eghawrphnljgbt,eghawrphnljgbt.ru,cryptolocker
dga,bidymfkgeqhxweuqwvkbyhaxpf,bidymfkgeqhxweuqwvkbyhaxpf.ru,goz
dga,qstjqxcehydugbv,qstjqxcehydugbv.org,cryptolocker
dga,kkgtrntyluix,kkgtrntyluix.ru,cryptolocker
dga,cagkhhngnqwav,cagkhhngnqwav.ru,cryptolocker
legit,itvalue,itvalue.com.cn,alexa
dga,4583cbjb27u0kne37mh9llmv,4583cbjb27u0kne37mh9llmv.org,gameoverdga
legit,stopbadware,stopbadware.org,alexa
dga,vhvwwmio,vhvwwmio.sh,necurs
dga,gbhfvbqqtip,gbhfvbqqtip.bz,necurs
legit,modernweekly,modernweekly.com,alexa
dga,labckifbxdxqjon,labckifbxdxqjon.ru,cryptolocker
dga,nvdqrvppmmtpacl,nvdqrvppmmtpacl.ru,cryptolocker
dga,wfclryqmwrbx,wfclryqmwrbx.com,cryptolocker
dga,bwpmadopmhmmg,bwpmadopmhmmg.ru,cryptolocker
legit,certified-toolbar,certified-toolbar.com,legit
legit,1800contacts,1800contacts.com,alexa
dga,watchpress,watchpress.net,nivdort
legit,kocpc,kocpc.com.tw,alexa
dga,99480afd6d20a053338d779178263734,99480afd6d20a053338d779178263734.org,bamital
dga,2ibupxvcy5x4uzrbw6mlfxz9,2ibupxvcy5x4uzrbw6mlfxz9.biz,newgoz
dga,1snsrljsq1m1n2g21d9q0khkh,1snsrljsq1m1n2g21d9q0khkh.com,newgoz
dga,z3ihx51g3832a3rabuz2ykgs7,z3ihx51g3832a3rabuz2ykgs7.biz,gameoverdga
legit,vuze,vuze.com,alexa
legit,bietemplates,bietemplates.com,legit
dga,uahnqepckuvgdn,uahnqepckuvgdn.ru,cryptolocker
dga,wishtoday,wishtoday.net,nivdort
legit,lessonslearnedinlife,lessonslearnedinlife.com,alexa
dga,qayystymrbriglj,qayystymrbriglj.ru,cryptolocker
dga,1txnezx957tzzgixo541cev6ul,1txnezx957tzzgixo541cev6ul.com,newgoz
dga,90a4h61ezfnzz2b1o391uwy3,90a4h61ezfnzz2b1o391uwy3.org,gameoverdga
legit,travelmole,travelmole.com,alexa
legit,mydirectorylive,mydirectorylive.com,legit
dga,emqtwhuwhedqnjlmnjbijod,emqtwhuwhedqnjlmnjbijod.ru,goz
dga,xomyoxjsnhjdf,xomyoxjsnhjdf.ru,cryptolocker
legit,ticketsnow,ticketsnow.com,alexa
dga,mdhojxpfs,mdhojxpfs.ug,necurs
legit,oncamforyou,oncamforyou.com,legit
dga,1fnltlvyamiyql5sfknrb9tj,1fnltlvyamiyql5sfknrb9tj.biz,newgoz
legit,jobscentral,jobscentral.com.sg,alexa
legit,posirank,posirank.com,alexa
legit,clevergirlscollective,clevergirlscollective.com,alexa
dga,mwwhkoxcdwnus,mwwhkoxcdwnus.ru,cryptolocker
dga,cvxrdpycnuwrbfy,cvxrdpycnuwrbfy.ru,cryptolocker
dga,ikhiucpawbktk,ikhiucpawbktk.ru,cryptolocker
dga,18h4ejykga4h61hmn9fj1iatikt,18h4ejykga4h61hmn9fj1iatikt.org,gameoverdga
dga,1ilxga51xmlfhcjgtrnjwbg2xf,1ilxga51xmlfhcjgtrnjwbg2xf.org,newgoz
legit,portaldetuciudad,portaldetuciudad.net,legit
legit,nextnetmedia,nextnetmedia.com,legit
legit,hiapphere,hiapphere.com,legit
legit,goodwinpress,goodwinpress.ru,legit
legit,mp3boo,mp3boo.com,alexa
dga,1pkcuis113jrle1nh86kv2vkzbn,1pkcuis113jrle1nh86kv2vkzbn.com,gameoverdga
legit,ropeofsilicon,ropeofsilicon.com,legit
dga,5b0c177551ea49b5ac828ff54071a7e7,5b0c177551ea49b5ac828ff54071a7e7.org,bamital
legit,wxllk,wxllk.com,alexa
dga,iivejqectxgij,iivejqectxgij.ru,cryptolocker
dga,clghvwigxshwu,clghvwigxshwu.ru,cryptolocker
legit,justgiving,justgiving.com,alexa
legit,evolvemediallc,evolvemediallc.com,legit
dga,18ehjuwvq575jkklo5j1vxoov4,18ehjuwvq575jkklo5j1vxoov4.com,gameoverdga
dga,hdqpritnluiyvcw,hdqpritnluiyvcw.ru,cryptolocker
dga,lmwkqpjsdrgv,lmwkqpjsdrgv.ru,cryptolocker
legit,filmovita,filmovita.com,alexa
dga,mqombkifjrrbwvd,mqombkifjrrbwvd.ru,cryptolocker
legit,woaikantu,woaikantu.com,alexa
dga,hcgygloqjvtkyxq,hcgygloqjvtkyxq.ru,cryptolocker
dga,jcf6ml1tylurm1dvpqhhi69wgo,jcf6ml1tylurm1dvpqhhi69wgo.net,gameoverdga
dga,dpwkvrjgvsdkc,dpwkvrjgvsdkc.ru,cryptolocker
legit,willcom-inc,willcom-inc.com,legit
legit,bleacherreport,bleacherreport.com,alexa
dga,zteqeynrvoukijalzauhukprfify,zteqeynrvoukijalzauhukprfify.ru,goz
dga,whomtree,whomtree.net,nivdort
legit,techgig,techgig.com,alexa
legit,beegdirectory,beegdirectory.com,alexa
dga,hhnwmimocsahy,hhnwmimocsahy.ru,cryptolocker
legit,billigflieger,billigflieger.de,legit
legit,threebb,threebb.com.hk,alexa
legit,advertise,advertise.com,alexa
legit,ahappyhippymom,ahappyhippymom.com,alexa
legit,newhomesource,newhomesource.com,alexa
legit,motoguzzi,motoguzzi.it,legit
dga,firhatyaz2tc15agu061agnzxw,firhatyaz2tc15agu061agnzxw.net,newgoz
dga,1mf7744cijnx8jpyvhmmipst3,1mf7744cijnx8jpyvhmmipst3.net,newgoz
dga,pcwnontfptochy,pcwnontfptochy.ru,cryptolocker
legit,hd,hd-area.org,alexa
legit,froggyhits,froggyhits.com,alexa
legit,plccenter,plccenter.co.uk,legit
legit,gogvo,gogvo.com,alexa
legit,spinner,spinner.com,legit
dga,hjshuuxdorl,hjshuuxdorl.bz,necurs
dga,dydrryqypyqtxwe,dydrryqypyqtxwe.ru,cryptolocker
dga,jaxulv14x9ab71xy0rb5tzqvi,jaxulv14x9ab71xy0rb5tzqvi.org,newgoz
legit,youqihui,youqihui.cn,alexa
dga,1f5t8p511rp7efnu6eubt2ewmi,1f5t8p511rp7efnu6eubt2ewmi.net,newgoz
dga,deuboyhuevvnx,deuboyhuevvnx.ru,cryptolocker
dga,kupgwfumedalyc,kupgwfumedalyc.ru,cryptolocker
legit,yourmathguru,yourmathguru.com,legit
legit,p-world,p-world.co.jp,legit
legit,boyester,boyester.com,alexa
legit,kochrezepte,kochrezepte.de,legit
legit,db79bet,db79bet.com,legit
dga,musicpeace,musicpeace.net,nivdort
dga,hu6y0r1haigt2jnxrlbvip3mb,hu6y0r1haigt2jnxrlbvip3mb.biz,gameoverdga
dga,1az4att13qyc8dqc3pbfgtvsyj,1az4att13qyc8dqc3pbfgtvsyj.com,gameoverdga
legit,slide,slide.ly,alexa
dga,uuxuoxwclann,uuxuoxwclann.ru,cryptolocker
legit,vdab,vdab.be,alexa
legit,themesindep,themesindep.com,alexa
legit,1newsbd,1newsbd.com,legit
dga,1ywb1dn1mnobb1mikok71d1jelb,1ywb1dn1mnobb1mikok71d1jelb.biz,gameoverdga
legit,mdzol,mdzol.com,alexa
legit,iwaicosmo,iwaicosmo.co.jp,legit
legit,urlvoid,urlvoid.com,alexa
legit,zoomla,zoomla.cn,alexa
legit,busliniensuche,busliniensuche.de,alexa
dga,groupnovember,groupnovember.net,nivdort
legit,ignitepoint,ignitepoint.com,legit
legit,web-dorado,web-dorado.info,legit
dga,kahfmyyffxjb,kahfmyyffxjb.ru,cryptolocker
legit,mitula,mitula.it,alexa
dga,nfplmsbtiaxva,nfplmsbtiaxva.ru,cryptolocker
legit,macrolibrarsi,macrolibrarsi.it,alexa
legit,beadaholique,beadaholique.com,legit
legit,tigerlead,tigerlead.com,legit
dga,hwvfgatbkuia,hwvfgatbkuia.ru,cryptolocker
dga,jtlrnsuvjbnpbjq,jtlrnsuvjbnpbjq.to,necurs
legit,bastter,bastter.com,alexa
dga,knowroad,knowroad.net,nivdort
dga,ghvaxvlkkydme,ghvaxvlkkydme.ru,cryptolocker
legit,thedailyepic,thedailyepic.com,alexa
dga,gorcsttejgqod,gorcsttejgqod.biz,cryptolocker
legit,interactive,interactive-option.com,alexa
legit,dimomobile,dimomobile.com,legit
dga,fkrbbrirhsgwxyy,fkrbbrirhsgwxyy.ru,cryptolocker
dga,hctdbncvirrw,hctdbncvirrw.ru,cryptolocker
dga,fyovxdgcqpqofesgbetcqsp,fyovxdgcqpqofesgbetcqsp.ru,goz
dga,doit6trg6p5hksb6remmcf7p,doit6trg6p5hksb6remmcf7p.com,gameoverdga
dga,xkulkixghevm,xkulkixghevm.info,cryptolocker
legit,estekhdamnews,estekhdamnews.com,legit
dga,1czmt8n13ar60qthtyqu1ep4ahu,1czmt8n13ar60qthtyqu1ep4ahu.com,newgoz
dga,qumjqsewxbyua,qumjqsewxbyua.ru,cryptolocker
legit,creativecommons,creativecommons.org,alexa
dga,6yg0i11gr17vr18d654g1yof8nn,6yg0i11gr17vr18d654g1yof8nn.net,gameoverdga
dga,oqubyevfwiok,oqubyevfwiok.ru,cryptolocker
legit,1000site,1000site.ir,legit
legit,popularmechanics,popularmechanics.com,alexa
legit,webimho,webimho.ru,legit
dga,iviykqbtnsojmft,iviykqbtnsojmft.ru,cryptolocker
dga,dinekpudvjysq,dinekpudvjysq.ru,cryptolocker
legit,greatergood,greatergood.com,alexa
dga,xl2dpk15xq8uteuygy9uk3u,xl2dpk15xq8uteuygy9uk3u.net,gameoverdga
dga,xaaxxgsflulnyeqojt,xaaxxgsflulnyeqojt.kz,necurs
dga,wentgold,wentgold.net,nivdort
dga,cyukkfhmrwnrptfmhcqtld,cyukkfhmrwnrptfmhcqtld.ru,goz
legit,wwwhatsnew,wwwhatsnew.com,alexa
legit,funkyjunkinteriors,funkyjunkinteriors.net,legit
dga,lhjvtbbhglmyc,lhjvtbbhglmyc.ru,cryptolocker
dga,iqlstwlanbnqd,iqlstwlanbnqd.com,cryptolocker
legit,futuresmag,futuresmag.com,legit
dga,74npl61btq0duwg4e651ev3x5d,74npl61btq0duwg4e651ev3x5d.net,newgoz
legit,clambr,clambr.com,alexa
legit,ybonline,ybonline.co.uk,alexa
dga,ugdereuwnsmqar,ugdereuwnsmqar.ru,cryptolocker
legit,gotoknow,gotoknow.org,alexa
dga,ghbkifxstdwn,ghbkifxstdwn.info,cryptolocker
legit,topcoat,topcoat.io,legit
dga,lbauebhgbkphhsy,lbauebhgbkphhsy.ru,cryptolocker
dga,10j0oqy18rbddg14qhve4ik4uct,10j0oqy18rbddg14qhve4ik4uct.org,newgoz
dga,9wcmmz9mglrfliwpeppbnzr,9wcmmz9mglrfliwpeppbnzr.com,newgoz
dga,y1sohdtcp8ywp0l2t12y4v4e,y1sohdtcp8ywp0l2t12y4v4e.net,newgoz
dga,fqueqcfjhcgkw,fqueqcfjhcgkw.ru,cryptolocker
dga,16t2b3m1xib65aj4cql0gsh2kj,16t2b3m1xib65aj4cql0gsh2kj.net,gameoverdga
dga,moveseven,moveseven.net,nivdort
legit,cricwaves,cricwaves.com,legit
legit,plentymarkets,plentymarkets.eu,alexa
legit,uhouho2ch,uhouho2ch.com,alexa
dga,pxdgfskpdeus,pxdgfskpdeus.ru,cryptolocker
dga,whomnews,whomnews.net,nivdort
legit,video-shoper,video-shoper.ru,legit
legit,successfulmatch,successfulmatch.com,legit
dga,pwgatwcfchbhgup,pwgatwcfchbhgup.ru,cryptolocker
dga,127oojo1sokcxo1gawqsb1eaf3pa,127oojo1sokcxo1gawqsb1eaf3pa.biz,gameoverdga
dga,withcroud,withcroud.net,nivdort
dga,hvfjyalkucigexh,hvfjyalkucigexh.ru,cryptolocker
legit,bizimyol,bizimyol.info,alexa
dga,1ea2hjbthe87vbiwj2ypfdijc,1ea2hjbthe87vbiwj2ypfdijc.org,newgoz
dga,njrherouwxlgaxwyhuaixctzt,njrherouwxlgaxwyhuaixctzt.ru,goz
dga,hvbpnmcwmniyh,hvbpnmcwmniyh.ru,cryptolocker
dga,sightpast,sightpast.net,nivdort
dga,wstnafmdlygpevo,wstnafmdlygpevo.ru,cryptolocker
dga,ftczpxoduaiqconfwxkybaiuw,ftczpxoduaiqconfwxkybaiuw.ru,goz
legit,quotescover,quotescover.com,alexa
legit,ivalice-serveur,ivalice-serveur.com,legit
legit,scientific,scientific.net,legit
dga,vjjtwtqtjkanqouwkr,vjjtwtqtjkanqouwkr.jp,necurs
legit,fuskator,fuskator.com,alexa
legit,vitalk,vitalk.vn,alexa
legit,pianetadonna,pianetadonna.it,legit
dga,1uc0ukvvkv3hjvfkiwz15wca99,1uc0ukvvkv3hjvfkiwz15wca99.com,gameoverdga
legit,vesochieuxo,vesochieuxo.com,legit
dga,kvyswktfyjri,kvyswktfyjri.ru,cryptolocker
dga,rmsocatpfmpgha,rmsocatpfmpgha.ru,cryptolocker
legit,yobalia,yobalia.com,legit
dga,nvlkhxjwcbevnhe,nvlkhxjwcbevnhe.ru,cryptolocker
dga,1kvg06ov9m07ki9y9z18brje0,1kvg06ov9m07ki9y9z18brje0.biz,gameoverdga
legit,doveclub,doveclub.it,legit
dga,threename,threename.net,nivdort
legit,uprivatebanking,uprivatebanking.com,legit
legit,hangzhou,hangzhou.com.cn,alexa
dga,uvqtrmumyixs,uvqtrmumyixs.ru,cryptolocker
legit,indianrailways,indianrailways.gov.in,alexa
legit,xun,xun-jia.com,alexa
legit,reliancegeneral,reliancegeneral.co.in,legit
dga,sfruaooomfim,sfruaooomfim.ru,cryptolocker
dga,ifcddmrotuaa,ifcddmrotuaa.ru,cryptolocker
dga,hrob4c1ka46rvw8d6mj1akz93e,hrob4c1ka46rvw8d6mj1akz93e.biz,gameoverdga
dga,wpovuusqmfalm,wpovuusqmfalm.ru,cryptolocker
dga,svjfjpqoflerf,svjfjpqoflerf.biz,cryptolocker
legit,greekreporter,greekreporter.gr,legit
dga,1ayyha8xi17fs1k7mu76b8twx,1ayyha8xi17fs1k7mu76b8twx.net,gameoverdga
legit,macmillandictionary,macmillandictionary.com,alexa
legit,brandalley,brandalley.fr,alexa
legit,infospyware,infospyware.com,legit
legit,linguanaut,linguanaut.com,legit
legit,silentpcreview,silentpcreview.com,legit
legit,tsnet,tsnet.cn,alexa
dga,deefdvaoainaiko,deefdvaoainaiko.com,cryptolocker
legit,tango,tango.me,alexa
legit,computex,computex.biz,legit
legit,nijibon,nijibon.com,legit
legit,eocommunity,eocommunity.com,legit
legit,loyalbank,loyalbank.com,legit
legit,unitedcinemas,unitedcinemas.jp,alexa
legit,time100,time100.ru,legit
dga,lmblxcqxngnq,lmblxcqxngnq.ru,cryptolocker
dga,slssptsmp,slssptsmp.ru,necurs
dga,14xm13vfly9uq1flvvn9l0khl8,14xm13vfly9uq1flvvn9l0khl8.net,gameoverdga
dga,xvjwmlsyfuuan,xvjwmlsyfuuan.biz,cryptolocker
legit,pureloveforpets,pureloveforpets.com,alexa
dga,ntrkqczfqqsqceuvsugyhalfzt,ntrkqczfqqsqceuvsugyhalfzt.ru,goz
legit,waldenu,waldenu.edu,alexa
dga,n9xj4t1bc5j9tpengne15nwsmz,n9xj4t1bc5j9tpengne15nwsmz.org,newgoz
dga,wdzud54ov9q21ptpvr41c6aqkv,wdzud54ov9q21ptpvr41c6aqkv.org,gameoverdga
dga,bxdgyadycrwtgcl,bxdgyadycrwtgcl.ru,cryptolocker
dga,tqclfflitryax,tqclfflitryax.ru,cryptolocker
dga,ivudcisgqrhnl,ivudcisgqrhnl.ru,cryptolocker
dga,tgqqjbrscvdhiif,tgqqjbrscvdhiif.ru,cryptolocker
dga,wsqepejfquotmlfl,wsqepejfquotmlfl.co,necurs
legit,badgeville,badgeville.com,legit
dga,vctedihyduxgbmk,vctedihyduxgbmk.co.uk,cryptolocker
dga,rqyplxydmlhcxfsgeta,rqyplxydmlhcxfsgeta.mx,necurs
legit,cupidmedia,cupidmedia.com,alexa
dga,ujmdtxygdrkpcm,ujmdtxygdrkpcm.ru,cryptolocker
dga,wrongoctober,wrongoctober.net,nivdort
legit,vpaltrade,vpaltrade.com,alexa
dga,pprwsdulcmhuguthhqlntdo,pprwsdulcmhuguthhqlntdo.ru,goz
dga,i3kmjtc7h47a5bxd88ogh6uo,i3kmjtc7h47a5bxd88ogh6uo.biz,newgoz
legit,yoocare,yoocare.com,legit
legit,mastergoogle,mastergoogle.com,legit
dga,sksjbyaogyfjo,sksjbyaogyfjo.biz,cryptolocker
legit,sedori,sedori-rank.com,alexa
legit,eforchina,eforchina.com,legit
legit,propertyroom,propertyroom.com,legit
dga,oglljvglmfmlm,oglljvglmfmlm.ru,cryptolocker
dga,tdidynl,tdidynl.co,necurs
dga,5d590c0309e2218616af08e7faf33bfd,5d590c0309e2218616af08e7faf33bfd.org,bamital
legit,effectivesafelist,effectivesafelist.com,legit
dga,qbiirexeyhtfcsk,qbiirexeyhtfcsk.ru,cryptolocker
legit,baoji168,baoji168.com,alexa
dga,hwibnoaptykg,hwibnoaptykg.ru,cryptolocker
legit,worldstarcandy,worldstarcandy.com,alexa
legit,dstyleweb,dstyleweb.com,alexa
legit,decipherinc,decipherinc.com,alexa
dga,p4h37z1801hvmkvcpo05vd8dq,p4h37z1801hvmkvcpo05vd8dq.biz,gameoverdga
legit,wmlink,wmlink.ru,alexa
dga,dqyvtopyhycosx,dqyvtopyhycosx.ru,cryptolocker
dga,ivkfwkbijrqkmyrdugr,ivkfwkbijrqkmyrdugr.de,necurs
dga,dfrjssyrjorbmr,dfrjssyrjorbmr.ru,cryptolocker
legit,naoligo,naoligo.com,legit
dga,srrlgjuacxfn,srrlgjuacxfn.co.uk,cryptolocker
legit,hinnavaatlus,hinnavaatlus.ee,legit
legit,ekitan,ekitan.com,alexa
dga,scuwyoiaiuinolp,scuwyoiaiuinolp.ru,cryptolocker
legit,dedeadmin,dedeadmin.com,legit
dga,htojlowbpjidmvt,htojlowbpjidmvt.net,cryptolocker
dga,1i1q0y6bwuowrc7gok18z3jel,1i1q0y6bwuowrc7gok18z3jel.biz,newgoz
dga,qdjkjkkqxqxfh,qdjkjkkqxqxfh.ru,cryptolocker
dga,our2t61yxrcjj1p6q26lxs1sh9,our2t61yxrcjj1p6q26lxs1sh9.com,gameoverdga
dga,jvzaei1u467uq1greg5t19glp1w,jvzaei1u467uq1greg5t19glp1w.com,gameoverdga
dga,vwpjnoukv,vwpjnoukv.ga,necurs
dga,swlnkssciydvcpv,swlnkssciydvcpv.ru,cryptolocker
legit,pizza-la,pizza-la.co.jp,legit
legit,airberlin,airberlin.com,alexa
dga,dtuklqmmsuujgx,dtuklqmmsuujgx.ru,cryptolocker
dga,1r1ca2w12bvo8b1xp4d3fb4bdh8,1r1ca2w12bvo8b1xp4d3fb4bdh8.net,gameoverdga
dga,ae6c0d715dba93ac2eadad790687bd35,ae6c0d715dba93ac2eadad790687bd35.org,bamital
dga,ymosdqdsgfuog,ymosdqdsgfuog.ru,cryptolocker
dga,breegixwwvivw,breegixwwvivw.ru,cryptolocker
dga,shmhgwcquxdeb,shmhgwcquxdeb.org,cryptolocker
legit,thevault,thevault.bz,alexa
legit,bbcamerica,bbcamerica.com,alexa
dga,pacv21ihtoppwi3cpjy76cbz,pacv21ihtoppwi3cpjy76cbz.com,newgoz
legit,cuisineaz,cuisineaz.com,alexa
dga,ed24783bdc3346f965b5151d906f8eea,ed24783bdc3346f965b5151d906f8eea.org,bamital
dga,d55cfcb2d534342ba1ff0e990bce3001,d55cfcb2d534342ba1ff0e990bce3001.org,bamital
dga,17jlx08kjtjkrqet0pg153qho4,17jlx08kjtjkrqet0pg153qho4.biz,gameoverdga
dga,gsgbfte,gsgbfte.mn,necurs
legit,socialoomph,socialoomph.com,alexa
dga,dgshbadnjtvajl,dgshbadnjtvajl.ru,cryptolocker
legit,thewhir,thewhir.com,alexa
dga,swjwxcauautmtbsek,swjwxcauautmtbsek.biz,necurs
legit,10333,10333.com,alexa
dga,aslhvqwtpmjgo,aslhvqwtpmjgo.ru,cryptolocker
legit,kingworldnews,kingworldnews.com,alexa
dga,hdmgwwefbavryh,hdmgwwefbavryh.ru,cryptolocker
dga,qglxzljvqopfigqzhbijzrwtoncy,qglxzljvqopfigqzhbijzrwtoncy.ru,goz
dga,vveyorchsldelg,vveyorchsldelg.tj,necurs
legit,liangchan,liangchan.net,legit
legit,dailysnark,dailysnark.com,alexa
dga,kmmgvjanarvcsjf,kmmgvjanarvcsjf.ru,cryptolocker
legit,top10bestwebsitehosting,top10bestwebsitehosting.com,alexa
legit,fad,fad-nation.com,alexa
legit,parceltrack,parceltrack.co.za,legit
dga,tucxlnofizvohdqzhywkwoydug,tucxlnofizvohdqzhywkwoydug.ru,goz
dga,cleudivdtxwria,cleudivdtxwria.ru,cryptolocker
dga,hairelse,hairelse.net,nivdort
dga,1awz06o1tvb9wmtcj51736f3k3,1awz06o1tvb9wmtcj51736f3k3.biz,newgoz
legit,g2g,g2g.fm,alexa
dga,e6cj6o17t3kwh14hq8dorrfkje,e6cj6o17t3kwh14hq8dorrfkje.com,newgoz
legit,createit,createit.support,legit
dga,withmarch,withmarch.net,nivdort
legit,naszemiasto,naszemiasto.pl,alexa
dga,lyodcmshfldanmogxoelt,lyodcmshfldanmogxoelt.so,necurs
dga,vxtci98geatzpfbqux1newq53,vxtci98geatzpfbqux1newq53.net,newgoz
legit,intenium-games,intenium-games.com,legit
legit,europe-echecs,europe-echecs.com,legit
dga,shonclycfsge,shonclycfsge.ru,cryptolocker
dga,15v6ivi2wxwpc1gyme7b1fwmagz,15v6ivi2wxwpc1gyme7b1fwmagz.net,gameoverdga
legit,ironbook,ironbook.su,alexa
legit,freetetris,freetetris.org,alexa
dga,ytovrhlcydyjnlbqkplaudybi,ytovrhlcydyjnlbqkplaudybi.ru,goz
dga,npyarhaiqakyi,npyarhaiqakyi.ru,cryptolocker
legit,greenstalk,greenstalk.com,legit
legit,m3,m3.com,alexa
dga,roomguide,roomguide.net,nivdort
legit,zaluu,zaluu.com,alexa
legit,bananeirasagora,bananeirasagora.com.br,legit
legit,kyushu-u,kyushu-u.ac.jp,legit
legit,hushpass,hushpass.com,legit
dga,ixykdmoo,ixykdmoo.mx,necurs
legit,khalil,khalil-shreateh.com,alexa
dga,gvadxvwrltvbxn,gvadxvwrltvbxn.ru,cryptolocker
legit,lancasteronline,lancasteronline.com,alexa
legit,entity,entity.hu,alexa
dga,jgpfnspxdjxvuqm,jgpfnspxdjxvuqm.ru,cryptolocker
legit,ladnydom,ladnydom.pl,legit
legit,apni,apni.tv,alexa
legit,wow-orgasms,wow-orgasms.com,legit
legit,navicamls,navicamls.net,alexa
dga,4hiwgdbux8uo1w9jezyy0exis,4hiwgdbux8uo1w9jezyy0exis.biz,gameoverdga
legit,beyondjane,beyondjane.com,legit
legit,uniroma2,uniroma2.it,legit
legit,mountada,mountada.biz,legit
dga,1h5t4bqakz50e14i5ffs1in4wu,1h5t4bqakz50e14i5ffs1in4wu.org,newgoz
dga,vkqoffmvndab,vkqoffmvndab.co.uk,cryptolocker
legit,indiandrives,indiandrives.com,legit
dga,gbgjl21we2pcjrw2syh13tak7z,gbgjl21we2pcjrw2syh13tak7z.com,newgoz
dga,songlady,songlady.net,nivdort
dga,roomimportant,roomimportant.net,nivdort
legit,logic,logic-immo.com,alexa
dga,thesename,thesename.net,nivdort
dga,eamaqklgdufgk,eamaqklgdufgk.ru,cryptolocker
legit,namazvakti,namazvakti.net,legit
dga,x0w2ld1jl9to4673x823vrgar,x0w2ld1jl9to4673x823vrgar.org,newgoz
legit,glassesusa,glassesusa.com,alexa
legit,mail2000,mail2000.com.tw,legit
legit,infonews,infonews.com,alexa
legit,hdwallpapers,hdwallpapers.in,alexa
legit,pomagalo,pomagalo.com,legit
legit,theindiansongs,theindiansongs.com,legit
dga,xrmyejrqujtgwk,xrmyejrqujtgwk.ru,cryptolocker
dga,02f01fcd7af6422255255b86a43a8fb6,02f01fcd7af6422255255b86a43a8fb6.org,bamital
dga,ehpdbsigaycyhdf,ehpdbsigaycyhdf.ru,cryptolocker
dga,neheplqcroid,neheplqcroid.ru,cryptolocker
dga,oqo5usqxee5r1qccrowxxq2ar,oqo5usqxee5r1qccrowxxq2ar.biz,gameoverdga
dga,nlgydgiigvweraf,nlgydgiigvweraf.ru,cryptolocker
dga,myjgjrlrxclqrem,myjgjrlrxclqrem.net,cryptolocker
dga,2yup9u1utt2cxg6yvps1mk8te,2yup9u1utt2cxg6yvps1mk8te.net,gameoverdga
legit,baixartudoaqui,baixartudoaqui.org,legit
legit,escuelasuperiordepnl,escuelasuperiordepnl.com,alexa
dga,parsrcqgvtagntl,parsrcqgvtagntl.org,cryptolocker
legit,admanage,admanage.com,legit
legit,vtcsy,vtcsy.com,alexa
legit,petitlyrics,petitlyrics.com,legit
dga,uxj7qwxrm9dxrczljx1iragat,uxj7qwxrm9dxrczljx1iragat.net,newgoz
dga,uclushqvckvjvxxyptxquki,uclushqvckvjvxxyptxquki.ru,goz
dga,czz0wl1uxb3dk1niyev410qqhk,czz0wl1uxb3dk1niyev410qqhk.biz,gameoverdga
legit,gameservers,gameservers.com,legit
dga,twgb2v95196q11ipy8018ov70j,twgb2v95196q11ipy8018ov70j.biz,gameoverdga
dga,wnoygekeetm1hr894j1clqybp,wnoygekeetm1hr894j1clqybp.net,gameoverdga
dga,cmeuhyjzrkxowgtohyailfvrsmr,cmeuhyjzrkxowgtohyailfvrsmr.ru,goz
legit,h2porn,h2porn.com,alexa
dga,jxfubtxunyjdj,jxfubtxunyjdj.ru,cryptolocker
legit,babady,babady.com,alexa
legit,mozzi,mozzi.com,alexa
legit,profils,profils.org,legit
legit,apkgalaxy,apkgalaxy.com,alexa
dga,owxsxfclbskayy,owxsxfclbskayy.ru,cryptolocker
dga,rvghtkddhlsrtwtndan,rvghtkddhlsrtwtndan.nu,necurs
legit,wowsai,wowsai.com,alexa
dga,prpylqij,prpylqij.xxx,necurs
dga,woytyptfbbtcq,woytyptfbbtcq.ru,cryptolocker
dga,kmlnfcegedkle,kmlnfcegedkle.ru,cryptolocker
dga,wentshoe,wentshoe.net,nivdort
legit,dailyfitnesscenter,dailyfitnesscenter.com,legit
dga,ohlmjlbecyog,ohlmjlbecyog.ru,cryptolocker
legit,q1mediahydraplatform,q1mediahydraplatform.com,legit
legit,correioweb,correioweb.com.br,alexa
legit,tastelikepizza,tastelikepizza.com,alexa
legit,csdn,csdn.net,alexa
legit,logme,logme.in,alexa
legit,silverdaddies-videos,silverdaddies-videos.com,legit
legit,radioaustralia,radioaustralia.net.au,legit
legit,carsguide,carsguide.com.au,alexa
legit,imp3,imp3.net,alexa
dga,meatthem,meatthem.net,nivdort
dga,jaqfdbrogyaavy,jaqfdbrogyaavy.ru,cryptolocker
legit,climatologiageografica,climatologiageografica.com,alexa
dga,aixobyizmzercpuozvcbqwkjnswt,aixobyizmzercpuozvcbqwkjnswt.ru,goz
legit,filecloud,filecloud.io,alexa
dga,hcixghsuvxnda,hcixghsuvxnda.ru,cryptolocker
legit,141hongkong,141hongkong.com,alexa
dga,theneight,theneight.net,nivdort
dga,emnecrxtwyhxc,emnecrxtwyhxc.ru,cryptolocker
legit,woodmancastingx,woodmancastingx.com,alexa
dga,bdakxcfehizh1r8ev6v1l737gm,bdakxcfehizh1r8ev6v1l737gm.org,gameoverdga
legit,gazeteciler,gazeteciler.com,alexa
dga,uthcjjuqdcwra,uthcjjuqdcwra.ru,cryptolocker
legit,continular,continular.com,legit
dga,pickslow,pickslow.net,nivdort
legit,musiccityondemand,musiccityondemand.com,alexa
dga,cihiqlivnjpxfqtwlzlzpoz,cihiqlivnjpxfqtwlzlzpoz.ru,goz
dga,usgowxibludklwv,usgowxibludklwv.ru,cryptolocker
legit,thunderbird-mail,thunderbird-mail.de,legit
dga,cfwqemchlywmkm,cfwqemchlywmkm.pro,necurs
dga,1acstmb1n38v6iucq3451d39ml4,1acstmb1n38v6iucq3451d39ml4.org,newgoz
legit,quto,quto.ru,alexa
dga,hglnwtwrqbjd,hglnwtwrqbjd.ru,cryptolocker
legit,hairynakedgirls,hairynakedgirls.com,legit
legit,xszhibo,xszhibo.com,alexa
legit,buytong,buytong.cn,legit
dga,lrnzqphqeuswyxcaeirslnortgm,lrnzqphqeuswyxcaeirslnortgm.ru,goz
dga,mqdfmldjvrut,mqdfmldjvrut.com,cryptolocker
legit,icasei,icasei.com.br,alexa
dga,eewphpkuiwcan,eewphpkuiwcan.ru,cryptolocker
dga,lmb4vi2eiwkf1usjke61k40mos,lmb4vi2eiwkf1usjke61k40mos.org,gameoverdga
dga,15zlvv2kopzo77yuewx1nk61dy,15zlvv2kopzo77yuewx1nk61dy.com,gameoverdga
legit,myblogu,myblogu.com,alexa
legit,ariyagame,ariyagame.com,alexa
dga,ttiwcouxfxtmduo,ttiwcouxfxtmduo.ru,cryptolocker
legit,seroundtable,seroundtable.com,alexa
legit,color-hex,color-hex.com,legit
legit,viabox,viabox.com,alexa
legit,bertal,bertal.ru,alexa
legit,mejorando,mejorando.la,alexa
legit,htmldog,htmldog.com,alexa
dga,kqjrttiipdor,kqjrttiipdor.ru,cryptolocker
dga,vplieoaura,vplieoaura.cc,necurs
legit,twistysnetwork,twistysnetwork.com,legit
dga,fu9bbof6atiq160f7p41p6vd6i,fu9bbof6atiq160f7p41p6vd6i.net,gameoverdga
legit,popup98,popup98.ir,alexa
legit,brainpop,brainpop.com,legit
legit,ahcaijing,ahcaijing.com,alexa
dga,septemberbody,septemberbody.net,nivdort
dga,vofypfmmqvyhdr,vofypfmmqvyhdr.ru,cryptolocker
legit,soldoutaftercrisis,soldoutaftercrisis.net,legit
legit,local24,local24.de,legit
legit,sheeel,sheeel.com,alexa
legit,trillonario,trillonario.com.mx,legit
dga,1b2n6d4sjw3i81nxq0de124nrdp,1b2n6d4sjw3i81nxq0de124nrdp.net,gameoverdga
dga,rcfvutmosxgkloo,rcfvutmosxgkloo.ru,cryptolocker
dga,he7vo6wtnbcl1d0xvkg147pe4c,he7vo6wtnbcl1d0xvkg147pe4c.biz,newgoz
legit,fansedge,fansedge.com,alexa
legit,adnclick,adnclick.com,alexa
dga,vcnrztmbhyjrpnzhdqoljbihekrmvhu,vcnrztmbhyjrpnzhdqoljbihekrmvhu.ru,goz
dga,ogmcejxftbit,ogmcejxftbit.cx,necurs
dga,67kfpe197www64hapo2b21ooy,67kfpe197www64hapo2b21ooy.org,newgoz
dga,1h26kcs110oob1fy1x2p16wuinc,1h26kcs110oob1fy1x2p16wuinc.net,gameoverdga
dga,yfwwpcngylmxejuxbaip,yfwwpcngylmxejuxbaip.bz,necurs
legit,makeupalley,makeupalley.com,alexa
legit,soundboard,soundboard.com,alexa
legit,freejavonline,freejavonline.com,legit
legit,win7china,win7china.com,legit
legit,ihome99,ihome99.com,legit
legit,webeffector,webeffector.ru,alexa
dga,fxqejbmjehbuww,fxqejbmjehbuww.biz,cryptolocker
legit,larian,larian.com,alexa
legit,cherada,cherada.net,legit
dga,jmejngfrhwdwiui,jmejngfrhwdwiui.ru,cryptolocker
legit,schleckysilberstein,schleckysilberstein.com,alexa
dga,goowefhknry,goowefhknry.mn,necurs
legit,savingadvice,savingadvice.com,legit
legit,ba,ba.gov.br,alexa
dga,kbtozhxoxcrsscxtqgxpbcypfyp,kbtozhxoxcrsscxtqgxpbcypfyp.ru,goz
dga,nolxjehulsyyqyjse,nolxjehulsyyqyjse.so,necurs
legit,sitemile,sitemile.com,alexa
legit,mongolbox6,mongolbox6.com,alexa
legit,mihanchat,mihanchat.com,legit
legit,ebayinc,ebayinc.com,alexa
dga,6bdc1bc96161a3f295e4ceca5f2170e4,6bdc1bc96161a3f295e4ceca5f2170e4.org,bamital
legit,toto,toto-dream.com,alexa
dga,qruloxajailelm,qruloxajailelm.ru,cryptolocker
dga,mqbtrbwrkynvpdljrfnj,mqbtrbwrkynvpdljrfnj.cx,necurs
dga,wishcolor,wishcolor.net,nivdort
dga,cvilwwwurxqmin,cvilwwwurxqmin.ir,necurs
dga,jtfrxpwarfurh,jtfrxpwarfurh.ru,cryptolocker
dga,e94n1q62r2hk1dugcl13kq1r4,e94n1q62r2hk1dugcl13kq1r4.biz,newgoz
legit,iinet,iinet.net.au,alexa
dga,frdwg61yx5kj0menoiy1svpyw3,frdwg61yx5kj0menoiy1svpyw3.net,gameoverdga
dga,1kp0am7x333slx21krj9gizek,1kp0am7x333slx21krj9gizek.org,gameoverdga
dga,mdykofwvhafvuns,mdykofwvhafvuns.ru,cryptolocker
legit,tabletrepublic,tabletrepublic.com,legit
legit,chinahtml,chinahtml.com,legit
legit,fknews-2ch,fknews-2ch.net,legit
legit,cadaminuto,cadaminuto.com.br,legit
dga,16g3jpv156ksm11fae2tciufnkm,16g3jpv156ksm11fae2tciufnkm.biz,newgoz
dga,cohqaliupgudhpc,cohqaliupgudhpc.ru,cryptolocker
legit,documbase,documbase.com,legit
dga,9oe9f41ftjt461rfp7y7lz6c0z,9oe9f41ftjt461rfp7y7lz6c0z.biz,gameoverdga
legit,meetcheap,meetcheap.com,alexa
legit,kosovalbaner,kosovalbaner.com,legit
dga,pjjlqifkjukowh,pjjlqifkjukowh.ru,cryptolocker
dga,8eha3s7xo1p315le4z7msok2,8eha3s7xo1p315le4z7msok2.net,gameoverdga
legit,mygame66,mygame66.com,alexa
dga,iehbiarobgiq,iehbiarobgiq.ru,cryptolocker
legit,onedollarr,onedollarr.com,legit
legit,herkul,herkul.org,alexa
dga,mcjhkhlwkdw,mcjhkhlwkdw.la,necurs
legit,avivasearch,avivasearch.com,legit
dga,rdretnjlmicujhd,rdretnjlmicujhd.ru,cryptolocker
dga,knjuhptmfipdp,knjuhptmfipdp.ru,cryptolocker
dga,1outjf911ov3by196mamuqxxlu7,1outjf911ov3by196mamuqxxlu7.org,newgoz
dga,9cdr2gio85togqes2u1nohnco,9cdr2gio85togqes2u1nohnco.com,newgoz
dga,ejbmvhyzsamfilqgaexjrp,ejbmvhyzsamfilqgaexjrp.ru,goz
dga,pvpeqqahqnfutq,pvpeqqahqnfutq.org,cryptolocker
legit,covermyfb,covermyfb.com,legit
legit,globebill,globebill.com,legit
dga,rexnddtrshoirnyo,rexnddtrshoirnyo.xxx,necurs
dga,visitthrew,visitthrew.net,nivdort
legit,sixt-neuwagen,sixt-neuwagen.de,legit
dga,yodlbckowhnqsx,yodlbckowhnqsx.ru,cryptolocker
legit,domainstatdata,domainstatdata.com,legit
dga,wngasymnrmmpy,wngasymnrmmpy.ru,cryptolocker
dga,joqhtglqmokvcjg,joqhtglqmokvcjg.ru,cryptolocker
dga,dreampast,dreampast.net,nivdort
legit,oa,oa.com,alexa
dga,1dd8e2e5b7e9784cf905870c5d597899,1dd8e2e5b7e9784cf905870c5d597899.org,bamital
dga,tikfedmkrqviktapwwuf,tikfedmkrqviktapwwuf.su,necurs
legit,prepics,prepics-cdn.com,alexa
dga,emlrxoucbijlfyttjvlpzcmeyor,emlrxoucbijlfyttjvlpzcmeyor.ru,goz
dga,kfrmdfmhltyw,kfrmdfmhltyw.com,cryptolocker
legit,kumpulblogger,kumpulblogger.com,alexa
legit,bhipglobal,bhipglobal.com,legit
dga,1o0sunr8l0uaodtu9n152swo6,1o0sunr8l0uaodtu9n152swo6.org,newgoz
dga,tqquvaqvddtdcmm,tqquvaqvddtdcmm.ru,cryptolocker
legit,allblogtools,allblogtools.com,alexa
legit,didyouknowblog,didyouknowblog.com,legit
dga,9442b7a613d4bc5291b29ac3e45f75fd,9442b7a613d4bc5291b29ac3e45f75fd.org,bamital
dga,spokeshown,spokeshown.net,nivdort
dga,tm76zu1gyiew91bvrbwr9wlc0i,tm76zu1gyiew91bvrbwr9wlc0i.net,gameoverdga
legit,programmableweb,programmableweb.com,alexa
legit,uregina,uregina.ca,legit
legit,ligapostobon,ligapostobon.com.co,alexa
dga,1bz5z2qrhh1iu1a39w7kaimu9t,1bz5z2qrhh1iu1a39w7kaimu9t.org,newgoz
legit,epornik,epornik.com,legit
legit,unfranchise,unfranchise.com.tw,alexa
dga,k4u5uu1k0iiog1cbuunriblwo8,k4u5uu1k0iiog1cbuunriblwo8.org,newgoz
dga,wjccfgjwbqucew,wjccfgjwbqucew.ru,cryptolocker
dga,vnylqqpqdspg,vnylqqpqdspg.ru,cryptolocker
dga,1fz7u3p1pielo117y4m3kk7xzfk,1fz7u3p1pielo117y4m3kk7xzfk.net,newgoz
legit,civic-club,civic-club.ru,legit
dga,dofewqnrpppns,dofewqnrpppns.info,cryptolocker
dga,lpvujfe,lpvujfe.net,necurs
legit,cqq5id8n,cqq5id8n.com,legit
legit,fgxpress,fgxpress.com,alexa
dga,knowcold,knowcold.net,nivdort
legit,dl-provider,dl-provider.com,legit
legit,ccutu,ccutu.com,alexa
dga,cxkdodwxjoahjvn,cxkdodwxjoahjvn.ru,cryptolocker
legit,lima-city,lima-city.de,legit
dga,5xqnx8dq1h7e197eoxw19tllt1,5xqnx8dq1h7e197eoxw19tllt1.net,gameoverdga
legit,rechtsanwalt,rechtsanwalt-schwenke.de,alexa
legit,akbartravels,akbartravels.com,alexa
legit,buffalonews,buffalonews.com,alexa
legit,cnbb,cnbb.com.cn,alexa
dga,3ppgmkxha1q0n6d93r1lpiwh7,3ppgmkxha1q0n6d93r1lpiwh7.com,gameoverdga
dga,1d4huysy5ohlldb79siutfve7,1d4huysy5ohlldb79siutfve7.net,gameoverdga
dga,fjfbyydrvmaecrx,fjfbyydrvmaecrx.ru,cryptolocker
legit,codejunkies,codejunkies.com,legit
legit,hkexpress,hkexpress.com,alexa
legit,atrapalo,atrapalo.com,alexa
dga,ceiggfgfycxx,ceiggfgfycxx.ru,cryptolocker
dga,bcctfghmagjrve,bcctfghmagjrve.ru,cryptolocker
dga,xgcqvoucqpgemofhrtwbucp,xgcqvoucqpgemofhrtwbucp.ru,goz
dga,knowpast,knowpast.net,nivdort
dga,offergold,offergold.net,nivdort
legit,falconsocial,falconsocial.com,alexa
legit,pro-market,pro-market.net,legit
legit,fayerwayer,fayerwayer.com,alexa
legit,crosswordgiant,crosswordgiant.com,legit
dga,lpjurbdjjllj,lpjurbdjjllj.ru,cryptolocker
legit,microlancer,microlancer.com,legit
legit,mamibuy,mamibuy.com.tw,alexa
legit,minhacasamelhor,minhacasamelhor.com.br,legit
legit,mclassmovies,mclassmovies.com.br,legit
legit,sanguosha,sanguosha.com,alexa
dga,hujbipvkzjfmzcivwizqcltd,hujbipvkzjfmzcivwizqcltd.ru,goz
legit,rarejob,rarejob.com,alexa
dga,kljrtwmbauuare,kljrtwmbauuare.ru,cryptolocker
dga,cmyv6vuhlmbu1p7f4eo13b1w93,cmyv6vuhlmbu1p7f4eo13b1w93.org,gameoverdga
legit,cgtextures,cgtextures.com,alexa
legit,banotacool8,banotacool8.blogspot.com,legit
legit,manplay,manplay.com,legit
dga,sqjfppdabevty,sqjfppdabevty.ru,cryptolocker
dga,swzmzy27ekul2ee96ulqpju6,swzmzy27ekul2ee96ulqpju6.com,newgoz
dga,xeafsjvpljucfw,xeafsjvpljucfw.biz,cryptolocker
legit,sexyxpixels,sexyxpixels.com,alexa
legit,quixar,quixar.com,alexa
legit,devids,devids.net,alexa
legit,degraeve,degraeve.com,alexa
dga,fgigxmhffgxqa,fgigxmhffgxqa.ru,cryptolocker
dga,ouxhwtmgcaresq,ouxhwtmgcaresq.ru,cryptolocker
legit,gofreebies,gofreebies.com,alexa
legit,fatfreecartpro,fatfreecartpro.com,alexa
dga,eyqxgqehbkjha,eyqxgqehbkjha.ru,cryptolocker
dga,mobkgcfvpxal,mobkgcfvpxal.ru,cryptolocker
dga,eedfgnojcmmv,eedfgnojcmmv.mn,necurs
legit,bmwblog,bmwblog.com,alexa
legit,ouvalalgerie,ouvalalgerie.com,alexa
legit,zonetheme,zonetheme.com,alexa
legit,vuenosairez,vuenosairez.com,legit
dga,kwhtmgloxmvjp,kwhtmgloxmvjp.ru,cryptolocker
dga,threethank,threethank.net,nivdort
dga,signhalf,signhalf.net,nivdort
legit,ledshow,ledshow.net,legit
legit,newindia,newindia.co.in,legit
dga,rsygmjrrklbutsjnheizsopbicq,rsygmjrrklbutsjnheizsopbicq.ru,goz
dga,2knob7jos6d01hkidcgzqwvb5,2knob7jos6d01hkidcgzqwvb5.biz,gameoverdga
dga,fuliwsydlpiqgb,fuliwsydlpiqgb.ru,cryptolocker
legit,horoskopy,horoskopy.cz,alexa
dga,lerpfgyydcqnqln,lerpfgyydcqnqln.bz,necurs
dga,tbcdvffrxvys,tbcdvffrxvys.ru,cryptolocker
dga,iydbpltoumnrnfe,iydbpltoumnrnfe.ru,cryptolocker
dga,mcoaijxniycwb,mcoaijxniycwb.com,cryptolocker
dga,ockbcpaocvonbe,ockbcpaocvonbe.ru,cryptolocker
dga,jumpprice,jumpprice.net,nivdort
dga,1f5nhta1nq81dzmlujgoyxp2ef,1f5nhta1nq81dzmlujgoyxp2ef.org,gameoverdga
dga,celhpqfjiltoc,celhpqfjiltoc.ru,cryptolocker
legit,thekansascitychannel,thekansascitychannel.com,legit
legit,ctfeshop,ctfeshop.com.cn,alexa
dga,ktlbcorceu,ktlbcorceu.co,necurs
dga,humanpast,humanpast.net,nivdort
dga,qivrpwdtseard,qivrpwdtseard.ru,cryptolocker
legit,aroma,aroma-zone.com,alexa
legit,online,online.sh.cn,alexa
dga,xscusozhaultjnhuxctwh,xscusozhaultjnhuxctwh.ru,goz
legit,video-lyrics,video-lyrics.com,legit
legit,80tian,80tian.com,alexa
dga,hanggreen,hanggreen.net,nivdort
legit,socialserve,socialserve.com,legit
legit,ereleases,ereleases.com,legit
dga,iqpytvdq,iqpytvdq.mx,necurs
legit,citizentv,citizentv.co.ke,legit
legit,whoisya,whoisya.com,legit
dga,lhulvmiwefbcap,lhulvmiwefbcap.ru,cryptolocker
legit,pcbeschleunigen,pcbeschleunigen.de,legit
dga,195arvlakvk9n1yu7i3pm83wfc,195arvlakvk9n1yu7i3pm83wfc.org,gameoverdga
legit,turktime,turktime.com,alexa
legit,dellenglish,dellenglish.com,alexa
dga,wpunddvkudxls,wpunddvkudxls.ru,cryptolocker
dga,hcatthygiymmyb,hcatthygiymmyb.ru,cryptolocker
legit,arabscene,arabscene.org,alexa
legit,downloadmaster,downloadmaster.ru,alexa
dga,yhhcwmgsorwnn,yhhcwmgsorwnn.ru,cryptolocker
dga,vvfbmpbtlcqvc,vvfbmpbtlcqvc.biz,cryptolocker
legit,xchanger,xchanger.org,legit
dga,1ppvtc4228ui8yq7ff1wr9e39,1ppvtc4228ui8yq7ff1wr9e39.net,newgoz
dga,1p6s9fp68xus617hcvlr1cif5bi,1p6s9fp68xus617hcvlr1cif5bi.com,gameoverdga
legit,telelistas,telelistas.net,alexa
legit,dunya,dunya.com.pk,alexa
legit,microgather,microgather.info,alexa
dga,movenoise,movenoise.net,nivdort
dga,ariveunder,ariveunder.net,nivdort
dga,aahxkxagdxjmoevh,aahxkxagdxjmoevh.tw,necurs
dga,futodaqnhqab,futodaqnhqab.ru,cryptolocker
dga,gyqspjfirsfazxxnhlvaygizpd,gyqspjfirsfazxxnhlvaygizpd.ru,goz
dga,okfrhxevxlwa,okfrhxevxlwa.ru,cryptolocker
dga,480y5p1z0grx61eu0th11gyl2mx,480y5p1z0grx61eu0th11gyl2mx.com,newgoz
dga,beahlflgjeljm,beahlflgjeljm.ru,cryptolocker
dga,jyjqfelnntvgvuq,jyjqfelnntvgvuq.ru,cryptolocker
dga,178qn4s1ynfvp01kupugot5ijr,178qn4s1ynfvp01kupugot5ijr.net,newgoz
legit,prudentbaby,prudentbaby.com,legit
dga,nxhmyargofrnklsoo,nxhmyargofrnklsoo.de,necurs
legit,ecareer,ecareer.ne.jp,legit
dga,annogaruplpvg,annogaruplpvg.ru,cryptolocker
dga,5d2dbf0f6610395fbafb8b60cda782e8,5d2dbf0f6610395fbafb8b60cda782e8.org,bamital
dga,savqwknogmhali,savqwknogmhali.ru,cryptolocker
dga,acxlohcfftwl,acxlohcfftwl.ru,cryptolocker
legit,chaseveritt,chaseveritt.co.za,legit
legit,deshgujarat,deshgujarat.com,legit
legit,morikinoko,morikinoko.com,legit
dga,lfmxmtrthtfxt,lfmxmtrthtfxt.ru,cryptolocker
legit,pastemagazine,pastemagazine.com,alexa
legit,themetastic,themetastic.com,legit
dga,exageskdyfbd,exageskdyfbd.ru,cryptolocker
legit,ibelieveinadv,ibelieveinadv.com,legit
dga,11pft8szqm78z1709w971cbhsws,11pft8szqm78z1709w971cbhsws.biz,gameoverdga
dga,ceoggegeqtib,ceoggegeqtib.com,cryptolocker
dga,1g8zv9hnw04bg1p7e6ry11tgq20,1g8zv9hnw04bg1p7e6ry11tgq20.com,newgoz
dga,mhnrcbaeotif,mhnrcbaeotif.ru,cryptolocker
legit,annonce123,annonce123.com,legit
dga,1atiz0b1ecjmtjvtv0lh1kk5hfd,1atiz0b1ecjmtjvtv0lh1kk5hfd.net,gameoverdga
dga,takenborn,takenborn.net,nivdort
legit,exponential,exponential.com,alexa
dga,tqmdbwoauoalfk,tqmdbwoauoalfk.ru,cryptolocker
legit,rasekhoon,rasekhoon.net,alexa
dga,egopublgnycjk,egopublgnycjk.ru,cryptolocker
dga,1c59tr1gch6ur12dopgje48h58,1c59tr1gch6ur12dopgje48h58.org,newgoz
legit,nuoha,nuoha.com,alexa
legit,nanacast,nanacast.com,alexa
legit,yucatan,yucatan.com.mx,alexa
dga,bkfaxwdqpoki,bkfaxwdqpoki.ru,cryptolocker
dga,tdxlcqyorknn,tdxlcqyorknn.ru,cryptolocker
legit,filecrop,filecrop.com,alexa
dga,cnmarfoxkwlbbij,cnmarfoxkwlbbij.ru,cryptolocker
legit,cinemassacre,cinemassacre.com,alexa
dga,thenpaid,thenpaid.net,nivdort
legit,oroscopo,oroscopo.it,legit
legit,fr12,fr12.nl,alexa
dga,pjyklimyydpxh,pjyklimyydpxh.biz,cryptolocker
dga,wexcjntojpkrf,wexcjntojpkrf.info,cryptolocker
dga,xrokqanfyelxac,xrokqanfyelxac.ru,cryptolocker
dga,hcwr5gldtlr6l17v0zfgfdno,hcwr5gldtlr6l17v0zfgfdno.com,newgoz
legit,shaw,shaw.ca,alexa
legit,erciyes,erciyes.edu.tr,legit
legit,audiobooks,audiobooks.com,alexa
legit,crystalradio,crystalradio.cn,alexa
dga,tiindxyeaanc,tiindxyeaanc.ru,cryptolocker
legit,objectedge,objectedge.com,legit
legit,lifeplayer,lifeplayer.ru,legit
dga,1e79hev15o5sz91pzld3vrtmcy4,1e79hev15o5sz91pzld3vrtmcy4.com,gameoverdga
dga,qaswyrakumeyupb,qaswyrakumeyupb.net,cryptolocker
legit,levif,levif.be,alexa
legit,bbspink,bbspink.com,alexa
dga,hpjhpbpswhqfieitwtwojhmweato,hpjhpbpswhqfieitwtwojhmweato.ru,goz
legit,ibidian,ibidian.com,alexa
legit,reporteindigo,reporteindigo.com,alexa
legit,blackxperience,blackxperience.com,legit
dga,kkdlicdcqgshrq,kkdlicdcqgshrq.ru,cryptolocker
legit,directcpv,directcpv.com,alexa
dga,qiseqpxmdtlmhkdvrbu,qiseqpxmdtlmhkdvrbu.su,necurs
legit,oakland,oakland.edu,legit
legit,scratchinginfo,scratchinginfo.net,alexa
legit,sofabconnect,sofabconnect.com,alexa
legit,toplessrobot,toplessrobot.com,legit
dga,pnvxwnayahncn,pnvxwnayahncn.ru,cryptolocker
legit,royalcheese,royalcheese.ru,legit
dga,whichslow,whichslow.net,nivdort
dga,6f1b52e912f1ff9073bd38cfaf366ccd,6f1b52e912f1ff9073bd38cfaf366ccd.org,bamital
legit,syshl,syshl.com,alexa
dga,krlhqqhdoxagt,krlhqqhdoxagt.ru,cryptolocker
dga,arivehunt,arivehunt.net,nivdort
legit,bahisci,bahisci.com,legit
dga,hjipudw7ipm2py7qvj3x02cx,hjipudw7ipm2py7qvj3x02cx.net,gameoverdga
legit,ambient-platform,ambient-platform.com,legit
legit,solupress,solupress.com,legit
dga,jkwyjrcoortv,jkwyjrcoortv.ru,cryptolocker
dga,qjiwgclmvsd,qjiwgclmvsd.biz,necurs
dga,jxnpnxdgmunsxah,jxnpnxdgmunsxah.ru,cryptolocker
legit,cpmbooster,cpmbooster.com,legit
legit,52swine,52swine.com,alexa
dga,jct46o1ou190n168h51n9g63fo,jct46o1ou190n168h51n9g63fo.org,newgoz
legit,gamehayvd,gamehayvd.com,legit
legit,andhraheadlines,andhraheadlines.com,alexa
dga,mpfslrusgnrjhiyd,mpfslrusgnrjhiyd.ki,necurs
legit,squarefoot,squarefoot.com.hk,legit
dga,aljh4a15syw2ng35hwxftpp1f,aljh4a15syw2ng35hwxftpp1f.net,newgoz
legit,7727,7727.cn,alexa
legit,evgeniypopov,evgeniypopov.com,alexa
legit,zjknews,zjknews.com,alexa
legit,mediaite,mediaite.com,alexa
legit,eazel,eazel.com,alexa
legit,kuwaitiful,kuwaitiful.com,legit
legit,slack,slack.com,alexa
legit,pureeditor,pureeditor.com,legit
dga,oxanvifqrlgbd,oxanvifqrlgbd.nf,necurs
legit,socialshaker,socialshaker.com,alexa
dga,ovwrdbqbbjemy,ovwrdbqbbjemy.net,cryptolocker
dga,woiwejfhphnpppw,woiwejfhphnpppw.biz,cryptolocker
legit,delfi,delfi.lt,alexa
dga,laymrqkrhfuqdivkxscbiuw,laymrqkrhfuqdivkxscbiuw.ru,goz
legit,kanagawa,kanagawa.jp,alexa
dga,cggnvgfvtmiar,cggnvgfvtmiar.ru,cryptolocker
dga,equalroll,equalroll.net,nivdort
dga,odoovbobquefiy,odoovbobquefiy.ru,cryptolocker
legit,oncubamagazine,oncubamagazine.com,alexa
legit,amandalist,amandalist.com,legit
dga,vpleqlvrwdkw,vpleqlvrwdkw.ru,cryptolocker
legit,webmasters,webmasters.ru,alexa
legit,bancocredicoop,bancocredicoop.coop,alexa
legit,mqw123,mqw123.com,alexa
dga,psyrxqaxwcechs,psyrxqaxwcechs.net,cryptolocker
legit,adexprts,adexprts.com,legit
legit,safehomepage,safehomepage.com,alexa
dga,vuswfdpmsgxuyax,vuswfdpmsgxuyax.com,cryptolocker
legit,mobiset,mobiset.ru,legit
legit,shortgoo,shortgoo.com,legit
dga,mkwmkcjvpkiwvwha,mkwmkcjvpkiwvwha.cx,necurs
dga,wenttold,wenttold.net,nivdort
dga,qduarxykse,qduarxykse.eu,necurs
legit,lifeofpimovie,lifeofpimovie.com,legit
dga,f47acc568119a22c192f5d78b3c13bfa,f47acc568119a22c192f5d78b3c13bfa.org,bamital
legit,videntetupak,videntetupak.com,legit
legit,lavidalucida,lavidalucida.com,alexa
legit,heresthethingblog,heresthethingblog.com,legit
dga,138534179198bef3d5e5f423cb550e3f,138534179198bef3d5e5f423cb550e3f.org,bamital
legit,doyo,doyo.cn,alexa
legit,buyhatke,buyhatke.com,alexa
legit,telefon,telefon-treff.de,alexa
dga,xwymynbenbqm,xwymynbenbqm.ru,cryptolocker
dga,jqqpgorlmwdpi,jqqpgorlmwdpi.ru,cryptolocker
legit,vip-file,vip-file.com,legit
dga,16spf0n1drxe0b2zmpx1u3jfx5,16spf0n1drxe0b2zmpx1u3jfx5.com,gameoverdga
legit,zhe58,zhe58.com,alexa
dga,madbgmhwprmk,madbgmhwprmk.ru,cryptolocker
legit,billmoyers,billmoyers.com,alexa
legit,secureinfossl,secureinfossl.com,alexa
dga,ixsmqburmmva,ixsmqburmmva.biz,cryptolocker
dga,hqomigsgyfyrany,hqomigsgyfyrany.ru,cryptolocker
legit,wishpond,wishpond.com,alexa
dga,xnefpbhkobwwkwe,xnefpbhkobwwkwe.ru,cryptolocker
legit,pertrkikoo,pertrkikoo.com,legit
legit,mojang,mojang.com,alexa
legit,tadu,tadu.com,alexa
dga,kh36jfcpkz2rn9tgv71l5boae,kh36jfcpkz2rn9tgv71l5boae.biz,gameoverdga
dga,lvdflpauxmiofhe,lvdflpauxmiofhe.ru,cryptolocker
dga,iywar01aa0ioc1iqqvys1ntellj,iywar01aa0ioc1iqqvys1ntellj.net,gameoverdga
legit,mofidonline,mofidonline.com,alexa
legit,blksport,blksport.com,legit
dga,zrysuoqxl395x3aco10ina6s,zrysuoqxl395x3aco10ina6s.com,gameoverdga
legit,distrigame,distrigame.com,legit
dga,zltsjbwgvleyxdbehscwoyhvorw,zltsjbwgvleyxdbehscwoyhvorw.ru,goz
dga,wywudye,wywudye.sc,necurs
legit,donga,donga.com,alexa
legit,lefunny,lefunny.net,legit
dga,afgxrwnytsuof,afgxrwnytsuof.ru,cryptolocker
legit,peseditblog,peseditblog.com,alexa
legit,naciodigital,naciodigital.cat,alexa
dga,7lxeg5k8cmn8ra2y387cae3,7lxeg5k8cmn8ra2y387cae3.biz,gameoverdga
dga,aunfcjmremfi,aunfcjmremfi.ru,cryptolocker
legit,stylishthemes,stylishthemes.co,alexa
dga,yardshoe,yardshoe.net,nivdort
legit,21sexturycash,21sexturycash.com,alexa
dga,dtmfcavpjvgnrjs,dtmfcavpjvgnrjs.ru,cryptolocker
legit,blockmetrics,blockmetrics.com,legit
dga,lkbqptkqqogd,lkbqptkqqogd.ru,cryptolocker
legit,fightbacknetwork,fightbacknetwork.com,alexa
legit,thecentsableshoppin,thecentsableshoppin.com,alexa
dga,bxjgnclrorfvagu,bxjgnclrorfvagu.com,cryptolocker
dga,somxasbisnpn,somxasbisnpn.info,cryptolocker
dga,idrtmqeevekjen,idrtmqeevekjen.ru,cryptolocker
legit,maccosmetics,maccosmetics.com,alexa
dga,yhjpstsanxlw,yhjpstsanxlw.net,cryptolocker
dga,iesmrgkhhdecr,iesmrgkhhdecr.ru,cryptolocker
legit,lavorincasa,lavorincasa.it,alexa
dga,upuaunii,upuaunii.la,necurs
dga,kyvnhjxxknmgjwo8jngvbpkz,kyvnhjxxknmgjwo8jngvbpkz.org,gameoverdga
dga,lcgahqwgtkgefybmtkbexvgaeqc,lcgahqwgtkgefybmtkbexvgaeqc.ru,goz
legit,universalstudios,universalstudios.com,legit
dga,gcuxmqqoqgdyrw,gcuxmqqoqgdyrw.nf,necurs
dga,1be8h2uwj9k8cqm1ivf1shvyh3,1be8h2uwj9k8cqm1ivf1shvyh3.biz,gameoverdga
legit,cy6660999,cy6660999.com,alexa
dga,1j39txe1e62oqa1nwgbaf1fz4xjt,1j39txe1e62oqa1nwgbaf1fz4xjt.com,newgoz
legit,drivermanager,drivermanager.com,legit
dga,1xvnguhsys2pl1iljko01xkzem,1xvnguhsys2pl1iljko01xkzem.biz,gameoverdga
dga,oerstvdsgxsppqj,oerstvdsgxsppqj.ru,cryptolocker
legit,solidstatenetworks,solidstatenetworks.net,legit
legit,mylifepath,mylifepath.com,alexa
legit,tricksmode,tricksmode.com,legit
legit,himachalwatcher,himachalwatcher.com,legit
legit,paypal-media,paypal-media.com,legit
legit,fusioncash,fusioncash.net,alexa
legit,silverseek,silverseek.com,legit
legit,ait,ait-themes.com,alexa
dga,zphytcheydeeayptsdfehut,zphytcheydeeayptsdfehut.ru,goz
legit,fiveguys,fiveguys.com,legit
dga,bqadfgvmxmypkr,bqadfgvmxmypkr.ru,cryptolocker
legit,raymourflanigan,raymourflanigan.com,legit
dga,ljmphsamxsmga,ljmphsamxsmga.ru,cryptolocker
dga,14epew21sx1yakobdbajgukc99,14epew21sx1yakobdbajgukc99.biz,newgoz
dga,jowfceqiatvdats,jowfceqiatvdats.ru,cryptolocker
dga,vfeqglfqtqbcfot,vfeqglfqtqbcfot.ru,cryptolocker
dga,14fir5org20lui8bx0w11bk8tu,14fir5org20lui8bx0w11bk8tu.biz,gameoverdga
legit,flir,flir.com,alexa
dga,qikuvkfvnufvrluobl,qikuvkfvnufvrluobl.ac,necurs
legit,batanga,batanga.com,alexa
legit,ws1,ws1.com,alexa
legit,branchenbuchsuche,branchenbuchsuche.de,legit
legit,researchandmarkets,researchandmarkets.com,alexa
legit,blogs,blogs.com,alexa
legit,vitals,vitals.com,alexa
legit,xiaomi,xiaomi.com,alexa
legit,hhtravel,hhtravel.com,alexa
dga,1b7p6up1n9k2i81gdnsjm1fz3ycy,1b7p6up1n9k2i81gdnsjm1fz3ycy.org,newgoz
legit,panelplace,panelplace.com,legit
legit,yatego,yatego.com,alexa
legit,subaonet,subaonet.com,alexa
legit,namestall,namestall.com,legit
legit,supertangas,supertangas.com,legit
legit,ebay-us,ebay-us.com,legit
legit,diigo,diigo.com,alexa
legit,shopperapproved,shopperapproved.com,alexa
dga,sightconsiderable,sightconsiderable.net,nivdort
legit,moiserialy,moiserialy.net,legit
legit,aimclearblog,aimclearblog.com,legit
legit,kingeshop,kingeshop.com,alexa
legit,webdesignshock,webdesignshock.com,legit
dga,1jdvwbkrmjy57130176t198tufh,1jdvwbkrmjy57130176t198tufh.com,newgoz
dga,12b25ta1arjfim1alrkjexr6edc,12b25ta1arjfim1alrkjexr6edc.biz,newgoz
legit,icrc,icrc.org,alexa
legit,codefear,codefear.com,legit
dga,southgrain,southgrain.net,nivdort
legit,barelyfitz,barelyfitz.com,legit
legit,ferryhalim,ferryhalim.com,legit
dga,lqdudrgcofic,lqdudrgcofic.info,cryptolocker
dga,whichnice,whichnice.net,nivdort
dga,1ad985p122btddb08op4q1g0tf,1ad985p122btddb08op4q1g0tf.net,newgoz
legit,spartanrace,spartanrace.com,legit
legit,finditclassifieds,finditclassifieds.com,legit
legit,nhatkybe,nhatkybe.vn,alexa
legit,ymatou,ymatou.com,alexa
legit,retorna,retorna.com.br,alexa
legit,veooz,veooz.com,alexa
legit,atlantisthepalm,atlantisthepalm.com,legit
legit,aladalaonline,aladalaonline.com,alexa
legit,kinofilms,kinofilms.tv,alexa
legit,wdgserv,wdgserv.com,legit
legit,techreport,techreport.com,alexa
legit,acura,acura.com,alexa
legit,pageswirl,pageswirl.com,legit
legit,vermelho,vermelho.org.br,legit
legit,chinamenwang,chinamenwang.com,alexa
dga,gsyfbytklpcqnc,gsyfbytklpcqnc.ru,cryptolocker
dga,mm143jn1w6w91qyw8e41yamwkn,mm143jn1w6w91qyw8e41yamwkn.net,newgoz
legit,allprivatelabelcontent,allprivatelabelcontent.com,alexa
legit,beeg,beeg.com,alexa
dga,5ltc521d0wbzr1rjenttza5kzs,5ltc521d0wbzr1rjenttza5kzs.org,gameoverdga
dga,vegtmumoaomjv,vegtmumoaomjv.us,necurs
dga,16vnhzg19pfg3y1itunckmi8rp2,16vnhzg19pfg3y1itunckmi8rp2.net,newgoz
legit,slt,slt.lk,alexa
legit,husqvarna,husqvarna.com,alexa
legit,conversational-hypnosis,conversational-hypnosis.com,legit
legit,stoxos,stoxos.gr,alexa
dga,725e236777ce68c6c1b48c740b12afa0,725e236777ce68c6c1b48c740b12afa0.org,bamital
legit,justteenz,justteenz.com,legit
dga,qguovypzsghmtijhljtsnflnnft,qguovypzsghmtijhljtsnflnnft.ru,goz
legit,khmer-news,khmer-news.org,legit
legit,de-captcher,de-captcher.com,legit
dga,drinkjuly,drinkjuly.net,nivdort
legit,sellfire,sellfire.com,legit
legit,msecnd,msecnd.net,alexa
dga,lookfire,lookfire.net,nivdort
legit,tastyplay,tastyplay.com,legit
dga,oqok761xljawd1vendh71xzw9ht,oqok761xljawd1vendh71xzw9ht.org,gameoverdga
legit,kting,kting.cn,alexa
dga,efptuagxleuaf,efptuagxleuaf.ru,cryptolocker
legit,efiliale,efiliale.de,alexa
dga,iyiwxusxdvke,iyiwxusxdvke.biz,cryptolocker
dga,jnstfqdayhtgs,jnstfqdayhtgs.ru,cryptolocker
legit,leadscon,leadscon.com,alexa
legit,domaingateway,domaingateway.com,alexa
legit,canaldigital,canaldigital.com,legit
dga,njmmckjyfoodtyv,njmmckjyfoodtyv.ru,cryptolocker
legit,azhibo,azhibo.com,alexa
legit,artio,artio.net,alexa
dga,darkhurry,darkhurry.net,nivdort
dga,uryejcjluudvxj,uryejcjluudvxj.ru,cryptolocker
dga,vgqcaianejhdddudw,vgqcaianejhdddudw.xxx,necurs
dga,vlrkvuogbuxhfb,vlrkvuogbuxhfb.ru,cryptolocker
dga,xvtcfcqirnptr,xvtcfcqirnptr.ru,cryptolocker
dga,ejpmljvihcvu,ejpmljvihcvu.bit,necurs
legit,w3snoop,w3snoop.com,alexa
legit,deltadental,deltadental.com,legit
legit,bellenews,bellenews.com,legit
legit,pages01,pages01.net,legit
dga,mvubyqfvngtm,mvubyqfvngtm.ru,cryptolocker
legit,disneystore,disneystore.com,alexa
dga,hsbkmnauqdjlno,hsbkmnauqdjlno.ru,cryptolocker
legit,binaryoptionsdemo,binaryoptionsdemo.com,alexa
dga,saltcity,saltcity.net,nivdort
legit,digitalplayground,digitalplayground.com,alexa
dga,yksfktlcwwlrfg,yksfktlcwwlrfg.ru,cryptolocker
dga,foelerqyfxgg,foelerqyfxgg.ru,cryptolocker
dga,frontmoon,frontmoon.net,nivdort
dga,abgxxniucgteenc,abgxxniucgteenc.info,cryptolocker
legit,geutelexfree,geutelexfree.blogspot.com.br,alexa
legit,feed,feed-the-beast.com,alexa
dga,68h2w10fncoc1n23s6710bmlpg,68h2w10fncoc1n23s6710bmlpg.net,newgoz
dga,jy4ej917xzqw81typxba13f4y1z,jy4ej917xzqw81typxba13f4y1z.net,gameoverdga
legit,300mbunited,300mbunited.me,legit
legit,order-order,order-order.com,legit
dga,vakclrjcaxapx,vakclrjcaxapx.org,cryptolocker
dga,wrongdare,wrongdare.net,nivdort
dga,ofyaljifo,ofyaljifo.tw,necurs
dga,qbapfmgc,qbapfmgc.im,necurs
legit,fyme,fyme.cn,alexa
dga,1n39rm06jpjpc9xflq1oe60fu,1n39rm06jpjpc9xflq1oe60fu.net,gameoverdga
legit,awo,awo.cn,alexa
dga,kulnnncrofaemd,kulnnncrofaemd.ru,cryptolocker
legit,segmentfault,segmentfault.com,alexa
legit,topcoder,topcoder.com,alexa
dga,fgrrurjgssck,fgrrurjgssck.com,cryptolocker
dga,wentbody,wentbody.net,nivdort
dga,alqkccmovgjcd,alqkccmovgjcd.biz,cryptolocker
legit,korkusuzmedya,korkusuzmedya.com,alexa
dga,qlvxosumb,qlvxosumb.sx,necurs
dga,5yt0mx1iqh6ge180fwo2vu10fx,5yt0mx1iqh6ge180fwo2vu10fx.biz,newgoz
legit,savingsinseconds,savingsinseconds.com,legit
legit,verypsp,verypsp.com,alexa
legit,gooniu,gooniu.com,alexa
legit,masterforex-v,masterforex-v.com,legit
dga,2o9q521bjk8521tr2xr41kllnyf,2o9q521bjk8521tr2xr41kllnyf.biz,newgoz
legit,old-and-young-lesbians,old-and-young-lesbians.com,legit
legit,nudeafrica,nudeafrica.com,legit
dga,hwwdiyacjqphrm,hwwdiyacjqphrm.ru,cryptolocker
legit,italiamac,italiamac.it,alexa
dga,lqfvhoxoprluccj,lqfvhoxoprluccj.ru,cryptolocker
legit,printplace,printplace.com,legit
dga,ntblualoe,ntblualoe.bit,necurs
legit,lupa,lupa.cz,alexa
legit,scenerelease,scenerelease.com,legit
dga,1ldopj4eoqgjr1uas83c37o53i,1ldopj4eoqgjr1uas83c37o53i.com,gameoverdga
dga,gfxxtrxvsloxa,gfxxtrxvsloxa.ru,cryptolocker
dga,lhlcodvglfqhcwx,lhlcodvglfqhcwx.ru,cryptolocker
dga,cskbyslpwjpw,cskbyslpwjpw.ru,cryptolocker
dga,ogchbtevrtarofjeiuy,ogchbtevrtarofjeiuy.jp,necurs
dga,suqxoglltids,suqxoglltids.de,necurs
legit,letmeknow,letmeknow.pl,legit
dga,92f0d1u0pdmb1pj0jgd1liediu,92f0d1u0pdmb1pj0jgd1liediu.net,newgoz
dga,mostthem,mostthem.net,nivdort
legit,baza-firm,baza-firm.com.pl,legit
dga,1po8vole0sp7iaje4gd112bzdo,1po8vole0sp7iaje4gd112bzdo.com,gameoverdga
legit,rakuten-bank,rakuten-bank.co.jp,legit
dga,e572a738bb0a27a64af4c2d6430237db,e572a738bb0a27a64af4c2d6430237db.org,bamital
legit,gloverzz,gloverzz.net,legit
legit,ping-fast,ping-fast.com,legit
legit,sandicor,sandicor.com,alexa
legit,memobee,memobee.com,alexa
legit,goudengids,goudengids.be,alexa
dga,mdvsuigh,mdvsuigh.ug,necurs
legit,webdistrib,webdistrib.com,legit
dga,jmbrrlxss,jmbrrlxss.su,necurs
legit,oscommerce,oscommerce.com,alexa
dga,pickgone,pickgone.net,nivdort
dga,1mmsnna19btvpgujs4tb10d4qah,1mmsnna19btvpgujs4tb10d4qah.com,gameoverdga
dga,7xtcf61tg9yaw17noxd79ykwoz,7xtcf61tg9yaw17noxd79ykwoz.org,gameoverdga
dga,eafgvdquvbipvx,eafgvdquvbipvx.ru,cryptolocker
legit,piaodown,piaodown.com,legit
dga,votpfxkvotyhpyleiprldwgp,votpfxkvotyhpyleiprldwgp.ru,goz
dga,threegold,threegold.net,nivdort
dga,arivetold,arivetold.net,nivdort
legit,malutka,malutka.net,legit
legit,yunpan,yunpan.cn,alexa
legit,online-artikel,online-artikel.de,legit
legit,geekbuying,geekbuying.com,alexa
dga,hgknyvhkrdveag,hgknyvhkrdveag.ru,cryptolocker
legit,gvadirectory,gvadirectory.com,alexa
legit,krazycouponclub,krazycouponclub.com,alexa
legit,ilikethis,ilikethis.info,alexa
legit,worldsoft,worldsoft-oasis.info,alexa
legit,c-queen,c-queen.net,legit
legit,tigertech,tigertech.net,alexa
legit,gardenweb,gardenweb.com,alexa
dga,lacpixnsxsyrmk,lacpixnsxsyrmk.ru,cryptolocker
dga,gaiwejyqqsnlmia,gaiwejyqqsnlmia.ru,cryptolocker
dga,dawespoyviff,dawespoyviff.ru,cryptolocker
dga,jsmtoqadgarer,jsmtoqadgarer.ru,cryptolocker
legit,trendwp,trendwp.com,legit
legit,captifymedia,captifymedia.com,legit
legit,kodoom,kodoom.com,alexa
legit,foodler,foodler.com,alexa
dga,lookhello,lookhello.net,nivdort
legit,wallpapersking,wallpapersking.com,alexa
dga,htlglanp804o1r5se2d12z8iva,htlglanp804o1r5se2d12z8iva.com,newgoz
dga,septembersure,septembersure.net,nivdort
legit,switchboard,switchboard.com,alexa
dga,kwmernmohweayim,kwmernmohweayim.ru,cryptolocker
dga,oul45717g85hg63rpg2nn9xeg,oul45717g85hg63rpg2nn9xeg.org,gameoverdga
dga,1fa4f45ded9e92ff91d29c979a91aff2,1fa4f45ded9e92ff91d29c979a91aff2.org,bamital
dga,tjvajsfqcjpd,tjvajsfqcjpd.ru,cryptolocker
dga,18d6daa1rfd62g61a3v6wv5gyt,18d6daa1rfd62g61a3v6wv5gyt.net,newgoz
dga,ckmeshdjyymh,ckmeshdjyymh.co.uk,cryptolocker
legit,teenselfvids,teenselfvids.com,legit
dga,vklbajblrvcdhhpzkfzxjfpz,vklbajblrvcdhhpzkfzxjfpz.ru,goz
dga,wldbsdnurueyykf,wldbsdnurueyykf.ru,cryptolocker
dga,1jh6lzo1r6uha1snenvj18h5d3f,1jh6lzo1r6uha1snenvj18h5d3f.com,newgoz
dga,ountcfgm,ountcfgm.us,necurs
legit,stealthsettings,stealthsettings.com,legit
legit,trafficwithanthony,trafficwithanthony.com,alexa
legit,blogdumoderateur,blogdumoderateur.com,alexa
legit,ftbwiki,ftbwiki.org,alexa
dga,kblsgxcnvtkifapvrgmpvjnpjor,kblsgxcnvtkifapvrgmpvjnpjor.ru,goz
legit,beaffiliates,beaffiliates.com,legit
legit,goupstate,goupstate.com,legit
legit,classicdriver,classicdriver.com,alexa
dga,iavjfncydbbabhy,iavjfncydbbabhy.org,cryptolocker
legit,city8,city8.com,alexa
dga,thenhurt,thenhurt.net,nivdort
dga,bipukhliyyoliy,bipukhliyyoliy.ru,cryptolocker
dga,eh0myniut8kh1ehei2ric1rc2,eh0myniut8kh1ehei2ric1rc2.net,newgoz
legit,qodeinteractive,qodeinteractive.com,alexa
dga,hwdgisrfg,hwdgisrfg.la,necurs
dga,3z6dxo1iulr6413wd4zm1yo30sh,3z6dxo1iulr6413wd4zm1yo30sh.net,gameoverdga
legit,trackmaven,trackmaven.com,alexa
legit,foodpanda,foodpanda.in,alexa
dga,aesoemvtkcpr,aesoemvtkcpr.ru,cryptolocker
legit,caiyunzs,caiyunzs.com,alexa
dga,ioyrwjyywniy,ioyrwjyywniy.net,cryptolocker
legit,kiwibank,kiwibank.co.nz,alexa
dga,asxtgffepjvyptb,asxtgffepjvyptb.net,cryptolocker
dga,vvljwirnjexqem,vvljwirnjexqem.ru,cryptolocker
dga,jumpmail,jumpmail.net,nivdort
dga,1n29v401qpk37fgxfjwuzgrsy0,1n29v401qpk37fgxfjwuzgrsy0.biz,gameoverdga
legit,ebaytoday,ebaytoday.ru,legit
dga,ciwkfmoyhasbsy,ciwkfmoyhasbsy.ru,cryptolocker
legit,zamunda,zamunda.net,alexa
dga,ijuhqpvishgmiwv,ijuhqpvishgmiwv.ru,cryptolocker
dga,1i8t83a1lxy1e51htjld016klusd,1i8t83a1lxy1e51htjld016klusd.biz,gameoverdga
legit,jdjob88,jdjob88.com,alexa
dga,sundayrise,sundayrise.net,nivdort
dga,8o989w36qtpqhznmn81o1hasi,8o989w36qtpqhznmn81o1hasi.biz,newgoz
legit,spdbccc,spdbccc.com.cn,legit
legit,chinamil,chinamil.com.cn,legit
dga,qhcrxrqpuieiwpttvo,qhcrxrqpuieiwpttvo.sh,necurs
dga,ttvfrqvnaqfa,ttvfrqvnaqfa.org,cryptolocker
legit,paraisowebcam,paraisowebcam.com,legit
legit,quintcareers,quintcareers.com,legit
dga,lxucqaibywoyldqvhnfpnt,lxucqaibywoyldqvhnfpnt.ru,goz
legit,como,como.com,alexa
dga,vbffcnbbnmndb,vbffcnbbnmndb.ru,cryptolocker
legit,ego4u,ego4u.com,alexa
legit,facilink,facilink.com.ar,legit
dga,dhlwxcbxgkkndep,dhlwxcbxgkkndep.org,cryptolocker
legit,topbabesblog,topbabesblog.org,legit
dga,pedgwbqoolvrd,pedgwbqoolvrd.ru,cryptolocker
legit,iy,iy-net.jp,alexa
dga,abvtdnuyajcgrgsmrfcu,abvtdnuyajcgrgsmrfcu.xxx,necurs
dga,dqdqugivfqmfrhjjnrxoofaivfi,dqdqugivfqmfrhjjnrxoofaivfi.ru,goz
legit,chathour,chathour.com,legit
legit,droitissimo,droitissimo.com,legit
legit,trk2002,trk2002.com,legit
legit,samplicio,samplicio.us,alexa
legit,codeguard,codeguard.com,legit
legit,justinbieberzone,justinbieberzone.com,legit
dga,wsvnjmhgurp,wsvnjmhgurp.tj,necurs
legit,fda,fda.gov,alexa
legit,knitpicks,knitpicks.com,legit
